day,hour,produced,consumed
2025-06-24,0,1,1256
2025-06-24,1,1,650
2025-06-24,2,1,528
2025-06-24,3,2,442
2025-06-24,4,1,754
2025-06-24,5,1,697
2025-06-24,6,1,667
2025-06-24,7,4,4384
2025-06-24,8,263,2284
2025-06-24,9,820,203
2025-06-24,10,1587,368
2025-06-24,11,1864,239
2025-06-24,12,1903,192
2025-06-24,13,1299,157
2025-06-24,14,1151,646
2025-06-24,15,859,786
2025-06-24,16,179,358
2025-06-24,17,1,1622
2025-06-24,18,1,1379
2025-06-24,19,1,892
2025-06-24,20,2,507
2025-06-24,21,1,429
2025-06-24,22,1,658
2025-06-24,23,1,637
2025-06-25,0,1,4282
2025-06-25,1,2,2098
2025-06-25,2,1,513
2025-06-25,3,1,609
2025-06-25,4,2,499
2025-06-25,5,1,576
2025-06-25,6,1,816
2025-06-25,7,6,762
2025-06-25,8,324,774
2025-06-25,9,1554,1589
2025-06-25,10,2877,2897
2025-06-25,11,3338,2434
2025-06-25,12,3541,360
2025-06-25,13,2227,335
2025-06-25,14,2318,344
2025-06-25,15,1307,375
2025-06-25,16,162,1252
2025-06-25,17,1,1873
2025-06-25,18,1,945
2025-06-25,19,1,1024
2025-06-25,20,1,856
2025-06-25,21,1,559
2025-06-25,22,2,688
2025-06-25,23,1,569
2025-06-26,0,1,4154
2025-06-26,1,1,3143
2025-06-26,2,1,610
2025-06-26,3,2,526
2025-06-26,4,1,511
2025-06-26,5,1,697
2025-06-26,6,1,761
2025-06-26,7,4,744
2025-06-26,8,304,404
2025-06-26,9,1232,1237
2025-06-26,10,2767,2744
2025-06-26,11,1428,1419
2025-06-26,12,2118,1852
2025-06-26,13,1857,536
2025-06-26,14,953,174
2025-06-26,15,430,159
2025-06-26,16,62,246
2025-06-26,17,1,611
2025-06-26,18,1,994
2025-06-26,19,1,724
2025-06-26,20,2,510
2025-06-26,21,1,531
2025-06-26,22,1,4212
2025-06-26,23,1,1394
2025-06-27,0,2,452
2025-06-27,1,1,431
2025-06-27,2,1,442
2025-06-27,3,2,420
2025-06-27,4,1,671
2025-06-27,5,1,665
2025-06-27,6,1,541
2025-06-27,7,2,852
2025-06-27,8,24,647
2025-06-27,9,108,254
2025-06-27,10,147,203
2025-06-27,11,269,977
2025-06-27,12,217,500
2025-06-27,13,154,307
2025-06-27,14,252,865
2025-06-27,15,59,506
2025-06-27,16,1,814
2025-06-27,17,1,1505
2025-06-27,18,2,607
2025-06-27,19,1,899
2025-06-27,20,2,834
2025-06-27,21,1,500
2025-06-27,22,1,4273
2025-06-27,23,1,4147
2025-06-28,0,2,1626
2025-06-28,1,1,387
2025-06-28,2,1,418
2025-06-28,3,2,397
2025-06-28,4,1,626
2025-06-28,5,1,616
2025-06-28,6,2,481
2025-06-28,7,1,639
2025-06-28,8,77,395
2025-06-28,9,120,271
2025-06-28,10,566,669
2025-06-28,11,673,966
2025-06-28,12,1455,1710
2025-06-28,13,2161,2234
2025-06-28,14,2067,2279
2025-06-28,15,304,2210
2025-06-28,16,202,1653
2025-06-28,17,1,1390
2025-06-28,18,1,909
2025-06-28,19,2,959
2025-06-28,20,1,4250
2025-06-28,21,1,4266
2025-06-28,22,1,3385
2025-06-28,23,1,492
2025-06-29,0,2,506
2025-06-29,1,1,474
2025-06-29,2,1,425
2025-06-29,3,2,431
2025-06-29,4,1,545
2025-06-29,5,1,576
2025-06-29,6,2,526
2025-06-29,7,1,844
2025-06-29,8,65,376
2025-06-29,9,278,379
2025-06-29,10,681,947
2025-06-29,11,1109,1363
2025-06-29,12,1673,2419
2025-06-29,13,2145,2192
2025-06-29,14,1305,1369
2025-06-29,15,584,1438
2025-06-29,16,104,1176
2025-06-29,17,1,1463
2025-06-29,18,1,1365
2025-06-29,19,1,1282
2025-06-29,20,1,4296
2025-06-29,21,1,4231
2025-06-29,22,1,3613
2025-06-29,23,2,407
2025-06-30,0,1,418
2025-06-30,1,1,407
2025-06-30,2,1,471
2025-06-30,3,2,436
2025-06-30,4,1,504
2025-06-30,5,1,629
2025-06-30,6,1,542
2025-06-30,7,9,633
2025-06-30,8,350,501
2025-06-30,9,1718,1733
2025-06-30,10,1996,1971
2025-06-30,11,2362,2310
2025-06-30,12,4469,1196
2025-06-30,13,3648,228
2025-06-30,14,902,205
2025-06-30,15,346,207
2025-06-30,16,169,446
2025-06-30,17,1,1138
2025-06-30,18,1,954
2025-06-30,19,1,904
2025-06-30,20,1,4096
2025-06-30,21,2,2163
2025-06-30,22,1,620
2025-06-30,23,1,519
2025-07-01,0,1,439
2025-07-01,1,1,430
2025-07-01,2,2,448
2025-07-01,3,1,588
2025-07-01,4,1,604
2025-07-01,5,1,520
2025-07-01,6,1,539
2025-07-01,7,2,950
2025-07-01,8,216,440
2025-07-01,9,1634,1670
2025-07-01,10,3177,3217
2025-07-01,11,4238,1469
2025-07-01,12,4377,213
2025-07-01,13,4439,220
2025-07-01,14,3157,214
2025-07-01,15,1386,295
2025-07-01,16,245,337
2025-07-01,17,1,561
2025-07-01,18,1,450
2025-07-01,19,2,384
2025-07-01,20,1,1625
2025-07-01,21,1,368
2025-07-01,22,1,177
2025-07-01,23,1,171
2025-07-02,0,2,169
2025-07-02,1,1,141
2025-07-02,2,1,144
2025-07-02,3,1,137
2025-07-02,4,1,218
2025-07-02,5,1,245
2025-07-02,6,2,243
2025-07-02,7,4,543
2025-07-02,8,336,449
2025-07-02,9,1307,1343
2025-07-02,10,2227,2253
2025-07-02,11,3254,3227
2025-07-02,12,4503,3935
2025-07-02,13,3694,726
2025-07-02,14,3192,1066
2025-07-02,15,1425,922
2025-07-02,16,254,314
2025-07-02,17,1,1849
2025-07-02,18,1,1751
2025-07-02,19,1,863
2025-07-02,20,2,4169
2025-07-02,21,1,1280
2025-07-02,22,1,684
2025-07-02,23,1,592
2025-07-03,0,1,611
2025-07-03,1,1,452
2025-07-03,2,2,440
2025-07-03,3,1,538
2025-07-03,4,1,692
2025-07-03,5,1,549
2025-07-03,6,1,556
2025-07-03,7,2,914
2025-07-03,8,5,335
2025-07-03,9,32,347
2025-07-03,10,68,422
2025-07-03,11,201,333
2025-07-03,12,189,943
2025-07-03,13,134,343
2025-07-03,14,131,337
2025-07-03,15,104,339
2025-07-03,16,6,867
2025-07-03,17,1,1419
2025-07-03,18,1,892
2025-07-03,19,2,849
2025-07-03,20,1,4288
2025-07-03,21,1,4241
2025-07-03,22,1,3999
2025-07-03,23,1,1201
2025-07-04,0,2,430
2025-07-04,1,1,468
2025-07-04,2,1,452
2025-07-04,3,2,427
2025-07-04,4,1,478
2025-07-04,5,1,498
2025-07-04,6,2,492
2025-07-04,7,2,835
2025-07-04,8,367,494
2025-07-04,9,1018,1281
2025-07-04,10,739,996
2025-07-04,11,1207,1241
2025-07-04,12,1731,1676
2025-07-04,13,1558,1520
2025-07-04,14,311,364
2025-07-04,15,57,152
2025-07-04,16,122,243
2025-07-04,17,2,240
2025-07-04,18,1,221
2025-07-04,19,1,241
2025-07-04,20,1,156
2025-07-04,21,1,122
2025-07-04,22,1,135
2025-07-04,23,2,129
2025-07-05,0,1,124
2025-07-05,1,1,124
2025-07-05,2,1,129
2025-07-05,3,2,121
2025-07-05,4,1,207
2025-07-05,5,1,236
2025-07-05,6,2,230
2025-07-05,7,9,244
2025-07-05,8,354,318
2025-07-05,9,751,739
2025-07-05,10,587,624
2025-07-05,11,672,687
2025-07-05,12,934,970
2025-07-05,13,903,938
2025-07-05,14,657,696
2025-07-05,15,358,398
2025-07-05,16,67,224
2025-07-05,17,1,237
2025-07-05,18,1,230
2025-07-05,19,1,218
2025-07-05,20,1,159
2025-07-05,21,2,118
2025-07-05,22,1,124
2025-07-05,23,1,128
2025-07-06,0,1,112
2025-07-06,1,1,122
2025-07-06,2,2,129
2025-07-06,3,1,109
2025-07-06,4,1,196
2025-07-06,5,1,228
2025-07-06,6,2,221
2025-07-06,7,6,220
2025-07-06,8,311,353
2025-07-06,9,1703,1701
2025-07-06,10,2633,791
2025-07-06,11,4328,175
2025-07-06,12,4757,200
2025-07-06,13,4703,200
2025-07-06,14,3599,198
2025-07-06,15,1601,180
2025-07-06,16,337,229
2025-07-06,17,1,227
2025-07-06,18,1,210
2025-07-06,19,2,218
2025-07-06,20,1,148
2025-07-06,21,1,213
2025-07-06,22,1,116
2025-07-06,23,1,109
2025-07-07,0,1,119
2025-07-07,1,1,111
2025-07-07,2,2,107
2025-07-07,3,1,122
2025-07-07,4,1,187
2025-07-07,5,1,225
2025-07-07,6,1,205
2025-07-07,7,6,208
2025-07-07,8,412,486
2025-07-07,9,1002,1034
2025-07-07,10,3486,874
2025-07-07,11,3483,117
2025-07-07,12,4227,137
2025-07-07,13,2784,117
2025-07-07,14,2503,136
2025-07-07,15,892,111
2025-07-07,16,126,204
2025-07-07,17,2,207
2025-07-07,18,1,226
2025-07-07,19,1,212
2025-07-07,20,1,1090
2025-07-07,21,1,88
2025-07-07,22,2,79
2025-07-07,23,1,84
2025-07-08,0,1,89
2025-07-08,1,1,89
2025-07-08,2,1,87
2025-07-08,3,1,116
2025-07-08,4,1,182
2025-07-08,5,2,211
2025-07-08,6,1,210
2025-07-08,7,13,209
2025-07-08,8,662,613
2025-07-08,9,2004,1227
2025-07-08,10,3328,176
2025-07-08,11,4224,166
2025-07-08,12,4565,169
2025-07-08,13,4349,168
2025-07-08,14,3358,159
2025-07-08,15,977,143
2025-07-08,16,336,219
2025-07-08,17,2,208
2025-07-08,18,1,230
2025-07-08,19,1,215
2025-07-08,20,1,1059
2025-07-08,21,1,87
2025-07-08,22,1,84
2025-07-08,23,2,96
2025-07-09,0,1,82
2025-07-09,1,1,92
2025-07-09,2,1,91
2025-07-09,3,2,106
2025-07-09,4,1,195
2025-07-09,5,1,222
2025-07-09,6,1,209
2025-07-09,7,4,217
2025-07-09,8,322,371
2025-07-09,9,430,472
2025-07-09,10,904,938
2025-07-09,11,1376,605
2025-07-09,12,909,105
2025-07-09,13,788,130
2025-07-09,14,718,105
2025-07-09,15,503,129
2025-07-09,16,67,195
2025-07-09,17,1,230
2025-07-09,18,1,1069
2025-07-09,19,2,1718
2025-07-09,20,1,4991
2025-07-09,21,1,3513
2025-07-09,22,1,656
2025-07-09,23,1,648
2025-07-10,0,1,431
2025-07-10,1,2,428
2025-07-10,2,1,613
2025-07-10,3,1,470
2025-07-10,4,2,511
2025-07-10,5,1,547
2025-07-10,6,1,727
2025-07-10,7,5,877
2025-07-10,8,290,397
2025-07-10,9,1524,1828
2025-07-10,10,2274,2310
2025-07-10,11,2345,2651
2025-07-10,12,3258,3080
2025-07-10,13,4177,2102
2025-07-10,14,2964,1231
2025-07-10,15,1571,396
2025-07-10,16,253,592
2025-07-10,17,2,1900
2025-07-10,18,1,1017
2025-07-10,19,1,939
2025-07-10,20,1,4224
2025-07-10,21,1,1974
2025-07-10,22,1,521
2025-07-10,23,2,534
2025-07-11,0,1,436
2025-07-11,1,1,408
2025-07-11,2,2,391
2025-07-11,3,1,407
2025-07-11,4,1,559
2025-07-11,5,1,609
2025-07-11,6,2,583
2025-07-11,7,2,853
2025-07-11,8,159,951
2025-07-11,9,526,1325
2025-07-11,10,641,998
2025-07-11,11,270,654
2025-07-11,12,469,1063
2025-07-11,13,724,782
2025-07-11,14,276,1143
2025-07-11,15,28,1003
2025-07-11,16,1,863
2025-07-11,17,1,677
2025-07-11,18,1,472
2025-07-11,19,1,964
2025-07-11,20,2,4297
2025-07-11,21,1,4007
2025-07-11,22,1,4222
2025-07-11,23,1,1929
2025-07-12,0,1,408
2025-07-12,1,1,396
2025-07-12,2,2,432
2025-07-12,3,1,522
2025-07-12,4,2,494
2025-07-12,5,1,476
2025-07-12,6,1,484
2025-07-12,7,3,670
2025-07-12,8,528,898
2025-07-12,9,1993,2022
2025-07-12,10,3044,1694
2025-07-12,11,2808,317
2025-07-12,12,2060,291
2025-07-12,13,1651,292
2025-07-12,14,925,370
2025-07-12,15,471,511
2025-07-12,16,72,171
2025-07-12,17,4,226
2025-07-12,18,1,966
2025-07-12,19,1,448
2025-07-12,20,1,4180
2025-07-12,21,2,1533
2025-07-12,22,1,831
2025-07-12,23,1,573
2025-07-13,0,1,531
2025-07-13,1,2,483
2025-07-13,2,1,538
2025-07-13,3,1,511
2025-07-13,4,1,379
2025-07-13,5,1,375
2025-07-13,6,1,499
2025-07-13,7,9,730
2025-07-13,8,280,379
2025-07-13,9,1309,1346
2025-07-13,10,3059,2971
2025-07-13,11,1784,1051
2025-07-13,12,1635,366
2025-07-13,13,1313,426
2025-07-13,14,726,438
2025-07-13,15,599,880
2025-07-13,16,119,847
2025-07-13,17,1,747
2025-07-13,18,1,666
2025-07-13,19,2,444
2025-07-13,20,1,4047
2025-07-13,21,1,2344
2025-07-13,22,1,832
2025-07-13,23,1,531
2025-07-14,0,2,513
2025-07-14,1,1,535
2025-07-14,2,1,598
2025-07-14,3,1,502
2025-07-14,4,2,363
2025-07-14,5,1,361
2025-07-14,6,1,427
2025-07-14,7,5,571
2025-07-14,8,325,421
2025-07-14,9,976,1003
2025-07-14,10,2042,2071
2025-07-14,11,2820,1018
2025-07-14,12,3496,315
2025-07-14,13,1926,331
2025-07-14,14,1885,306
2025-07-14,15,865,239
2025-07-14,16,395,257
2025-07-14,17,3,1456
2025-07-14,18,1,640
2025-07-14,19,1,352
2025-07-14,20,1,4286
2025-07-14,21,1,5005
2025-07-14,22,2,1142
2025-07-14,23,1,814
2025-07-15,0,1,643
2025-07-15,1,2,523
2025-07-15,2,1,481
2025-07-15,3,1,397
2025-07-15,4,1,415
2025-07-15,5,2,503
2025-07-15,6,1,430
2025-07-15,7,7,705
2025-07-15,8,438,1596
2025-07-15,9,2080,2127
2025-07-15,10,3004,2468
2025-07-15,11,3792,1338
2025-07-15,12,4612,608
2025-07-15,13,3862,464
2025-07-15,14,3702,772
2025-07-15,15,1917,947
2025-07-15,16,195,476
2025-07-15,17,1,847
2025-07-15,18,1,740
2025-07-15,19,1,4020
2025-07-15,20,1,386
2025-07-15,21,1,598
2025-07-15,22,2,513
2025-07-15,23,1,527
2025-07-16,0,1,550
2025-07-16,1,1,527
2025-07-16,2,1,454
2025-07-16,3,2,409
2025-07-16,4,1,489
2025-07-16,5,1,451
2025-07-16,6,2,370
2025-07-16,7,11,411
2025-07-16,8,408,591
2025-07-16,9,1052,1075
2025-07-16,10,1804,1799
2025-07-16,11,1206,966
2025-07-16,12,1563,272
2025-07-16,13,1681,290
2025-07-16,14,1099,239
2025-07-16,15,1410,145
2025-07-16,16,277,149
2025-07-16,17,1,1418
2025-07-16,18,1,1794
2025-07-16,19,2,3914
2025-07-16,20,1,1070
2025-07-16,21,1,370
2025-07-16,22,1,705
2025-07-16,23,1,543
2025-07-17,0,1,544
2025-07-17,1,1,489
2025-07-17,2,2,600
2025-07-17,3,1,467
2025-07-17,4,1,379
2025-07-17,5,2,391
2025-07-17,6,1,526
2025-07-17,7,2,455
2025-07-17,8,216,851
2025-07-17,9,623,1128
2025-07-17,10,1173,1484
2025-07-17,11,1272,1274
2025-07-17,12,1054,1079
2025-07-17,13,1045,1071
2025-07-17,14,895,910
2025-07-17,15,666,701
2025-07-17,16,246,281
2025-07-17,17,2,1262
2025-07-17,18,1,2869
2025-07-17,19,2,3826
2025-07-17,20,1,1774
2025-07-17,21,1,457
2025-07-17,22,1,711
2025-07-17,23,1,710
2025-07-18,0,1,498
2025-07-18,1,1,453
2025-07-18,2,2,521
2025-07-18,3,1,505
2025-07-18,4,1,388
2025-07-18,5,1,429
2025-07-18,6,1,589
2025-07-18,7,7,391
2025-07-18,8,280,382
2025-07-18,9,1618,1649
2025-07-18,10,3104,1381
2025-07-18,11,3902,183
2025-07-18,12,3783,167
2025-07-18,13,4871,197
2025-07-18,14,3775,190
2025-07-18,15,1457,804
2025-07-18,16,477,484
2025-07-18,17,15,1431
2025-07-18,18,1,1624
2025-07-18,19,2,3067
2025-07-18,20,1,444
2025-07-18,21,1,384
2025-07-18,22,1,610
2025-07-18,23,1,591
2025-07-19,0,1,396
2025-07-19,1,1,454
2025-07-19,2,1,609
2025-07-19,3,1,419
2025-07-19,4,1,453
2025-07-19,5,1,701
2025-07-19,6,1,521
2025-07-19,7,15,602
2025-07-19,8,395,733
2025-07-19,9,1035,1071
2025-07-19,10,2041,2171
2025-07-19,11,3191,2251
2025-07-19,12,1925,1719
2025-07-19,13,1965,1482
2025-07-19,14,1963,830
2025-07-19,15,1357,236
2025-07-19,16,46,567
2025-07-19,17,1,1190
2025-07-19,18,1,1390
2025-07-19,19,1,3882
2025-07-19,20,1,2191
2025-07-19,21,1,368
2025-07-19,22,2,555
2025-07-19,23,1,415
2025-07-20,0,1,469
2025-07-20,1,1,524
2025-07-20,2,1,430
2025-07-20,3,2,379
2025-07-20,4,1,387
2025-07-20,5,1,592
2025-07-20,6,2,570
2025-07-20,7,8,575
2025-07-20,8,698,1164
2025-07-20,9,2232,2253
2025-07-20,10,3509,2871
2025-07-20,11,4296,769
2025-07-20,12,4325,325
2025-07-20,13,4711,269
2025-07-20,14,3795,1772
2025-07-20,15,1835,1845
2025-07-20,16,437,718
2025-07-20,17,9,1352
2025-07-20,18,1,5199
2025-07-20,19,1,4696
2025-07-20,20,1,2780
2025-07-20,21,1,730
2025-07-20,22,2,494
2025-07-20,23,1,583
2025-07-21,0,1,426
2025-07-21,1,1,418
2025-07-21,2,1,433
2025-07-21,3,2,593
2025-07-21,4,1,424
2025-07-21,5,1,464
2025-07-21,6,1,737
2025-07-21,7,8,668
2025-07-21,8,383,1084
2025-07-21,9,2031,2063
2025-07-21,10,3570,3608
2025-07-21,11,4379,4113
2025-07-21,12,4882,1938
2025-07-21,13,4587,1296
2025-07-21,14,4178,485
2025-07-21,15,1414,234
2025-07-21,16,365,351
2025-07-21,17,7,1491
2025-07-21,18,1,3171
2025-07-21,19,1,3867
2025-07-21,20,1,2089
2025-07-21,21,1,625
2025-07-21,22,1,622
2025-07-21,23,2,516
2025-07-22,0,1,430
2025-07-22,1,1,424
2025-07-22,2,1,609
2025-07-22,3,1,442
2025-07-22,4,1,412
2025-07-22,5,2,656
2025-07-22,6,1,623
2025-07-22,7,12,683
2025-07-22,8,379,794
2025-07-22,9,2121,2162
2025-07-22,10,3264,3226
2025-07-22,11,4312,1265
2025-07-22,12,4150,167
2025-07-22,13,3123,195
2025-07-22,14,4004,196
2025-07-22,15,1198,288
2025-07-22,16,510,552
2025-07-22,17,14,1566
2025-07-22,18,1,1820
2025-07-22,19,1,4225
2025-07-22,20,1,1448
2025-07-22,21,1,652
2025-07-22,22,1,682
2025-07-22,23,1,529
2025-07-23,0,1,435
2025-07-23,1,2,590
2025-07-23,2,1,525
2025-07-23,3,1,436
2025-07-23,4,1,638
2025-07-23,5,1,579
2025-07-23,6,1,587
2025-07-23,7,8,722
2025-07-23,8,293,449
2025-07-23,9,1105,1149
2025-07-23,10,3301,3237
2025-07-23,11,3267,2914
2025-07-23,12,1945,1921
2025-07-23,13,2139,598
2025-07-23,14,2360,169
2025-07-23,15,1714,170
2025-07-23,16,413,145
2025-07-23,17,14,1755
2025-07-23,18,1,2603
2025-07-23,19,1,4129
2025-07-23,20,1,2390
2025-07-23,21,1,525
2025-07-23,22,1,696
2025-07-23,23,1,662
2025-07-24,0,2,521
2025-07-24,1,1,434
2025-07-24,2,1,662
2025-07-24,3,1,506
2025-07-24,4,1,485
2025-07-24,5,1,738
2025-07-24,6,1,572
2025-07-24,7,15,987
2025-07-24,8,760,875
2025-07-24,9,2424,2424
2025-07-24,10,3724,3677
2025-07-24,11,4517,2774
2025-07-24,12,4867,204
2025-07-24,13,4790,237
2025-07-24,14,4294,226
2025-07-24,15,1983,181
2025-07-24,16,545,599
2025-07-24,17,22,1756
2025-07-24,18,1,2740
2025-07-24,19,1,4140
2025-07-24,20,1,1890
2025-07-24,21,1,949
2025-07-24,22,1,599
2025-07-24,23,1,494
2025-07-25,0,1,695
2025-07-25,1,1,528
2025-07-25,2,1,546
2025-07-25,3,1,718
2025-07-25,4,1,486
2025-07-25,5,1,686
2025-07-25,6,1,823
2025-07-25,7,13,657
2025-07-25,8,741,846
2025-07-25,9,2506,2513
2025-07-25,10,3808,3685
2025-07-25,11,4567,3100
2025-07-25,12,4917,785
2025-07-25,13,4841,538
2025-07-25,14,4378,386
2025-07-25,15,2066,504
2025-07-25,16,566,566
2025-07-25,17,19,1026
2025-07-25,18,2,2316
2025-07-25,19,1,3500
2025-07-25,20,1,1281
2025-07-25,21,1,976
2025-07-25,22,1,666
2025-07-25,23,1,658
2025-07-26,0,1,486
2025-07-26,1,1,609
2025-07-26,2,1,664
2025-07-26,3,1,479
2025-07-26,4,1,676
2025-07-26,5,1,731
2025-07-26,6,1,629
2025-07-26,7,14,812
2025-07-26,8,756,1179
2025-07-26,9,2448,2356
2025-07-26,10,3688,2407
2025-07-26,11,4463,4269
2025-07-26,12,4845,4193
2025-07-26,13,4747,678
2025-07-26,14,4221,471
2025-07-26,15,2009,1014
2025-07-26,16,543,1039
2025-07-26,17,17,1184
2025-07-26,18,2,1206
2025-07-26,19,1,873
2025-07-26,20,1,855
2025-07-26,21,1,646
2025-07-26,22,1,817
2025-07-26,23,1,4249
2025-07-27,0,1,3769
2025-07-27,1,1,515
2025-07-27,2,1,687
2025-07-27,3,2,458
2025-07-27,4,1,588
2025-07-27,5,1,747
2025-07-27,6,1,605
2025-07-27,7,18,885
2025-07-27,8,783,890
2025-07-27,9,2393,2438
2025-07-27,10,3619,3644
2025-07-27,11,4436,4122
2025-07-27,12,4826,3655
2025-07-27,13,4740,871
2025-07-27,14,4273,2033
2025-07-27,15,2108,1204
2025-07-27,16,588,609
2025-07-27,17,14,780
2025-07-27,18,1,896
2025-07-27,19,1,878
2025-07-27,20,1,588
2025-07-27,21,1,858
2025-07-27,22,1,610
2025-07-27,23,1,4206
2025-07-28,0,1,2506
2025-07-28,1,1,413
2025-07-28,2,2,617
2025-07-28,3,1,550
2025-07-28,4,1,462
2025-07-28,5,1,727
2025-07-28,6,1,690
2025-07-28,7,20,1042
2025-07-28,8,866,1004
2025-07-28,9,2517,2559
2025-07-28,10,3743,3701
2025-07-28,11,4524,880
2025-07-28,12,4936,179
2025-07-28,13,4884,189
2025-07-28,14,4224,207
2025-07-28,15,2021,857
2025-07-28,16,507,568
2025-07-28,17,9,1702
2025-07-28,18,1,1797
2025-07-28,19,1,910
2025-07-28,20,1,704
2025-07-28,21,1,871
2025-07-28,22,1,584
2025-07-28,23,1,4176
2025-07-29,0,1,3005
2025-07-29,1,2,514
2025-07-29,2,1,446
2025-07-29,3,1,685
2025-07-29,4,1,503
2025-07-29,5,1,592
2025-07-29,6,1,805
2025-07-29,7,25,652
2025-07-29,8,89,356
2025-07-29,9,131,214
2025-07-29,10,84,172
2025-07-29,11,186,232
2025-07-29,12,219,338
2025-07-29,13,384,437
2025-07-29,14,313,383
2025-07-29,15,95,498
2025-07-29,16,21,273
2025-07-29,17,1,1843
2025-07-29,18,1,1213
2025-07-29,19,1,1163
2025-07-29,20,2,910
2025-07-29,21,1,741
2025-07-29,22,1,610
2025-07-29,23,1,4170
2025-07-30,0,1,4103
2025-07-30,1,1,4217
2025-07-30,2,1,1934
2025-07-30,3,2,445
2025-07-30,4,1,462
2025-07-30,5,1,522
2025-07-30,6,1,727
2025-07-30,7,10,611
2025-07-30,8,168,369
2025-07-30,9,374,409
2025-07-30,10,554,582
2025-07-30,11,621,651
2025-07-30,12,1309,1333
2025-07-30,13,3557,3192
2025-07-30,14,1944,1896
2025-07-30,15,1651,1580
2025-07-30,16,476,575
2025-07-30,17,16,507
2025-07-30,18,1,1429
2025-07-30,19,1,1222
2025-07-30,20,1,860
2025-07-30,21,1,639
2025-07-30,22,2,430
2025-07-30,23,1,4000
2025-07-31,0,1,2364
2025-07-31,1,1,426
2025-07-31,2,1,460
2025-07-31,3,2,442
2025-07-31,4,1,439
2025-07-31,5,1,421
2025-07-31,6,1,489
2025-07-31,7,1,847
2025-07-31,8,363,529
2025-07-31,9,533,575
2025-07-31,10,575,614
2025-07-31,11,1137,1176
2025-07-31,12,1675,1711
2025-07-31,13,1713,1753
2025-07-31,14,2175,1546
2025-07-31,15,681,148
2025-07-31,16,168,180
2025-07-31,17,1,980
2025-07-31,18,1,1043
2025-07-31,19,2,970
2025-07-31,20,1,570
2025-07-31,21,1,677
2025-07-31,22,1,678
2025-07-31,23,1,4029
2025-08-01,0,1,3112
2025-08-01,1,1,499
2025-08-01,2,1,596
2025-08-01,3,2,472
2025-08-01,4,1,455
2025-08-01,5,1,645
2025-08-01,6,1,631
2025-08-01,7,25,795
2025-08-01,8,541,1397
2025-08-01,9,1246,1600
2025-08-01,10,2448,2392
2025-08-01,11,2622,2331
2025-08-01,12,2794,2787
2025-08-01,13,1303,1533
2025-08-01,14,575,674
2025-08-01,15,600,641
2025-08-01,16,381,420
2025-08-01,17,25,1391
2025-08-01,18,1,1208
2025-08-01,19,1,862
2025-08-01,20,1,530
2025-08-01,21,1,649
2025-08-01,22,2,698
2025-08-01,23,1,4087
2025-08-02,0,1,3560
2025-08-02,1,1,571
2025-08-02,2,1,525
2025-08-02,3,1,428
2025-08-02,4,1,740
2025-08-02,5,1,613
2025-08-02,6,1,572
2025-08-02,7,33,804
2025-08-02,8,321,849
2025-08-02,9,535,1044
2025-08-02,10,1043,1091
2025-08-02,11,1201,1477
2025-08-02,12,1223,1258
2025-08-02,13,1646,1683
2025-08-02,14,1563,1570
2025-08-02,15,1189,1543
2025-08-02,16,374,1040
2025-08-02,17,21,1121
2025-08-02,18,1,1529
2025-08-02,19,1,867
2025-08-02,20,1,703
2025-08-02,21,2,474
2025-08-02,22,1,778
2025-08-02,23,1,4256
2025-08-03,0,1,4085
2025-08-03,1,1,2939
2025-08-03,2,1,638
2025-08-03,3,1,478
2025-08-03,4,1,566
2025-08-03,5,1,746
2025-08-03,6,1,614
2025-08-03,7,47,680
2025-08-03,8,386,567
2025-08-03,9,850,1526
2025-08-03,10,1584,1740
2025-08-03,11,1986,2377
2025-08-03,12,3463,3709
2025-08-03,13,2679,2880
2025-08-03,14,2483,2231
2025-08-03,15,1771,1852
2025-08-03,16,418,540
2025-08-03,17,30,1591
2025-08-03,18,1,1539
2025-08-03,19,1,808
2025-08-03,20,1,563
2025-08-03,21,1,650
2025-08-03,22,1,693
2025-08-03,23,1,4198
2025-08-04,0,1,4125
2025-08-04,1,1,848
2025-08-04,2,1,553
2025-08-04,3,2,431
2025-08-04,4,1,544
2025-08-04,5,1,724
2025-08-04,6,1,543
2025-08-04,7,20,909
2025-08-04,8,229,409
2025-08-04,9,596,639
2025-08-04,10,1085,1122
2025-08-04,11,2021,2049
2025-08-04,12,2341,2342
2025-08-04,13,1809,1805
2025-08-04,14,2356,159
2025-08-04,15,1545,142
2025-08-04,16,602,289
2025-08-04,17,12,2070
2025-08-04,18,1,1324
2025-08-04,19,1,927
2025-08-04,20,2,517
2025-08-04,21,1,769
2025-08-04,22,1,560
2025-08-04,23,1,4010
2025-08-05,0,1,2050
2025-08-05,1,1,548
2025-08-05,2,1,466
2025-08-05,3,1,394
2025-08-05,4,2,456
2025-08-05,5,1,738
2025-08-05,6,1,514
2025-08-05,7,26,741
2025-08-05,8,464,445
2025-08-05,9,1008,829
2025-08-05,10,2281,2107
2025-08-05,11,2929,2675
2025-08-05,12,3786,3584
2025-08-05,13,3433,1108
2025-08-05,14,2868,180
2025-08-05,15,2154,172
2025-08-05,16,367,159
2025-08-05,17,21,1349
2025-08-05,18,1,1482
2025-08-05,19,1,930
2025-08-05,20,1,770
2025-08-05,21,1,803
2025-08-05,22,1,650
2025-08-05,23,1,3984
2025-08-06,0,1,1191
2025-08-06,1,2,602
2025-08-06,2,1,427
2025-08-06,3,1,394
2025-08-06,4,1,549
2025-08-06,5,1,657
2025-08-06,6,1,552
2025-08-06,7,102,608
2025-08-06,8,676,565
2025-08-06,9,1111,952
2025-08-06,10,2218,2451
2025-08-06,11,2911,2688
2025-08-06,12,4096,3812
2025-08-06,13,4481,2442
2025-08-06,14,2434,328
2025-08-06,15,1526,191
2025-08-06,16,953,188
2025-08-06,17,46,1661
2025-08-06,18,1,948
2025-08-06,19,1,590
2025-08-06,20,1,552
2025-08-06,21,1,766
2025-08-06,22,2,545
2025-08-06,23,1,3964
2025-08-07,0,1,2769
2025-08-07,1,1,602
2025-08-07,2,1,432
2025-08-07,3,1,401
2025-08-07,4,1,598
2025-08-07,5,1,537
2025-08-07,6,2,655
2025-08-07,7,53,651
2025-08-07,8,598,558
2025-08-07,9,2605,2444
2025-08-07,10,3875,3190
2025-08-07,11,4268,207
2025-08-07,12,4310,219
2025-08-07,13,5085,237
2025-08-07,14,4059,220
2025-08-07,15,2568,1364
2025-08-07,16,968,653
2025-08-07,17,99,1076
2025-08-07,18,1,1069
2025-08-07,19,1,825
2025-08-07,20,1,697
2025-08-07,21,2,635
2025-08-07,22,1,614
2025-08-07,23,1,4188
2025-08-08,0,1,2846
2025-08-08,1,1,384
2025-08-08,2,2,499
2025-08-08,3,1,503
2025-08-08,4,1,377
2025-08-08,5,2,480
2025-08-08,6,1,717
2025-08-08,7,65,643
2025-08-08,8,327,597
2025-08-08,9,186,245
2025-08-08,10,264,163
2025-08-08,11,553,354
2025-08-08,12,846,618
2025-08-08,13,934,665
2025-08-08,14,2321,1942
2025-08-08,15,2178,2106
2025-08-08,16,654,580
2025-08-08,17,43,307
2025-08-08,18,2,973
2025-08-08,19,1,898
2025-08-08,20,1,547
2025-08-08,21,1,776
2025-08-08,22,1,452
2025-08-08,23,1,3940
2025-08-09,0,1,4061
2025-08-09,1,1,3222
2025-08-09,2,2,438
2025-08-09,3,1,501
2025-08-09,4,1,406
2025-08-09,5,2,435
2025-08-09,6,1,499
2025-08-09,7,21,838
2025-08-09,8,551,508
2025-08-09,9,1190,1042
2025-08-09,10,2057,1870
2025-08-09,11,3670,3453
2025-08-09,12,3227,2891
2025-08-09,13,2509,1072
2025-08-09,14,1739,537
2025-08-09,15,1473,688
2025-08-09,16,724,842
2025-08-09,17,98,2304
2025-08-09,18,1,1549
2025-08-09,19,1,1112
2025-08-09,20,1,642
2025-08-09,21,1,632
2025-08-09,22,2,583
2025-08-09,23,1,4031
2025-08-10,0,1,3140
2025-08-10,1,1,437
2025-08-10,2,1,584
2025-08-10,3,1,375
2025-08-10,4,1,408
2025-08-10,5,1,669
2025-08-10,6,1,546
2025-08-10,7,226,1048
2025-08-10,8,1091,1205
2025-08-10,9,1547,1477
2025-08-10,10,2908,2538
2025-08-10,11,1539,1395
2025-08-10,12,2746,2270
2025-08-10,13,2824,859
2025-08-10,14,2282,147
2025-08-10,15,1175,147
2025-08-10,16,693,886
2025-08-10,17,25,1366
2025-08-10,18,2,1051
2025-08-10,19,1,861
2025-08-10,20,1,504
2025-08-10,21,1,571
2025-08-10,22,1,724
2025-08-10,23,1,4136
2025-08-11,0,1,2284
2025-08-11,1,1,549
2025-08-11,2,1,583
2025-08-11,3,1,422
2025-08-11,4,1,615
2025-08-11,5,1,633
2025-08-11,6,1,579
2025-08-11,7,86,708
2025-08-11,8,818,731
2025-08-11,9,2443,2282
2025-08-11,10,2414,2103
2025-08-11,11,3140,2584
2025-08-11,12,1978,673
2025-08-11,13,2622,283
2025-08-11,14,1392,137
2025-08-11,15,1344,725
2025-08-11,16,355,592
2025-08-11,17,25,1980
2025-08-11,18,1,1030
2025-08-11,19,1,885
2025-08-11,20,1,862
2025-08-11,21,1,703
2025-08-11,22,1,790
2025-08-11,23,1,4060
2025-08-12,0,1,666
2025-08-12,1,1,654
2025-08-12,2,1,452
2025-08-12,3,1,526
2025-08-12,4,1,670
2025-08-12,5,2,504
2025-08-12,6,1,693
2025-08-12,7,46,641
2025-08-12,8,818,772
2025-08-12,9,1732,1582
2025-08-12,10,3352,2662
2025-08-12,11,2971,2317
2025-08-12,12,2759,198
2025-08-12,13,1410,199
2025-08-12,14,2944,190
2025-08-12,15,1880,188
2025-08-12,16,1142,179
2025-08-12,17,45,1547
2025-08-12,18,1,1141
2025-08-12,19,1,838
2025-08-12,20,2,749
2025-08-12,21,1,709
2025-08-12,22,1,665
2025-08-12,23,1,4095
2025-08-13,0,1,2523
2025-08-13,1,1,625
2025-08-13,2,2,416
2025-08-13,3,1,560
2025-08-13,4,1,600
2025-08-13,5,1,489
2025-08-13,6,1,751
2025-08-13,7,53,662
2025-08-13,8,1141,1042
2025-08-13,9,2614,2460
2025-08-13,10,3007,2520
2025-08-13,11,2157,1800
2025-08-13,12,4720,1562
2025-08-13,13,3444,242
2025-08-13,14,3318,221
2025-08-13,15,2157,205
2025-08-13,16,1105,202
2025-08-13,17,119,1273
2025-08-13,18,2,1431
2025-08-13,19,1,819
2025-08-13,20,1,673
2025-08-13,21,1,708
2025-08-13,22,1,742
2025-08-13,23,1,4094
2025-08-14,0,1,3060
2025-08-14,1,1,674
2025-08-14,2,2,451
2025-08-14,3,1,543
2025-08-14,4,1,665
2025-08-14,5,1,535
2025-08-14,6,1,684
2025-08-14,7,56,660
2025-08-14,8,1161,1117
2025-08-14,9,2817,2786
2025-08-14,10,3495,3068
2025-08-14,11,4937,1397
2025-08-14,12,3983,181
2025-08-14,13,4085,277
2025-08-14,14,2347,457
2025-08-14,15,2348,813
2025-08-14,16,318,618
2025-08-14,17,117,3041
2025-08-14,18,1,1412
2025-08-14,19,1,1005
2025-08-14,20,1,554
2025-08-14,21,1,879
2025-08-14,22,1,768
2025-08-14,23,1,4152
2025-08-15,0,1,2930
2025-08-15,1,1,584
2025-08-15,2,2,441
2025-08-15,3,1,675
2025-08-15,4,1,540
2025-08-15,5,1,554
2025-08-15,6,1,833
2025-08-15,7,109,822
2025-08-15,8,492,595
2025-08-15,9,1414,1254
2025-08-15,10,2030,1786
2025-08-15,11,3950,2906
2025-08-15,12,5042,1851
2025-08-15,13,4870,215
2025-08-15,14,4806,227
2025-08-15,15,3374,747
2025-08-15,16,1140,385
2025-08-15,17,126,358
2025-08-15,18,2,786
2025-08-15,19,1,850
2025-08-15,20,1,930
2025-08-15,21,1,787
2025-08-15,22,1,648
2025-08-15,23,1,4051
2025-08-16,0,1,1781
2025-08-16,1,1,580
2025-08-16,2,1,439
2025-08-16,3,1,656
2025-08-16,4,1,667
2025-08-16,5,1,556
2025-08-16,6,1,809
2025-08-16,7,127,1088
2025-08-16,8,541,869
2025-08-16,9,2015,2155
2025-08-16,10,3440,3276
2025-08-16,11,4198,3715
2025-08-16,12,3997,3580
2025-08-16,13,5057,391
2025-08-16,14,4172,297
2025-08-16,15,2060,397
2025-08-16,16,632,1305
2025-08-16,17,45,2124
2025-08-16,18,1,736
2025-08-16,19,1,830
2025-08-16,20,1,789
2025-08-16,21,1,763
2025-08-16,22,1,610
2025-08-16,23,1,4058
2025-08-17,0,1,2774
2025-08-17,1,2,653
2025-08-17,2,1,440
2025-08-17,3,1,419
2025-08-17,4,1,635
2025-08-17,5,2,658
2025-08-17,6,1,557
2025-08-17,7,30,757
2025-08-17,8,362,1026
2025-08-17,9,804,695
2025-08-17,10,1442,1844
2025-08-17,11,1376,2024
2025-08-17,12,1159,1626
2025-08-17,13,1402,1230
2025-08-17,14,1399,1258
2025-08-17,15,1754,1652
2025-08-17,16,808,784
2025-08-17,17,24,752
2025-08-17,18,1,1470
2025-08-17,19,1,1380
2025-08-17,20,1,705
2025-08-17,21,1,743
2025-08-17,22,1,568
2025-08-17,23,1,4005
2025-08-18,0,1,4127
2025-08-18,1,1,4288
2025-08-18,2,2,884
2025-08-18,3,1,388
2025-08-18,4,1,546
2025-08-18,5,1,595
2025-08-18,6,1,630
2025-08-18,7,192,903
2025-08-18,8,926,803
2025-08-18,9,2224,2077
2025-08-18,10,3148,2688
2025-08-18,11,3431,1019
2025-08-18,12,2890,281
2025-08-18,13,4349,751
2025-08-18,14,2528,799
2025-08-18,15,693,159
2025-08-18,16,213,321
2025-08-18,17,4,1991
2025-08-18,18,2,982
2025-08-18,19,1,795
2025-08-18,20,1,620
2025-08-18,21,1,649
2025-08-18,22,1,614
2025-08-18,23,1,4021
2025-08-19,0,1,2300
2025-08-19,1,1,438
2025-08-19,2,1,542
2025-08-19,3,1,479
2025-08-19,4,2,391
2025-08-19,5,1,480
2025-08-19,6,1,718
2025-08-19,7,55,770
2025-08-19,8,1083,1239
2025-08-19,9,2127,1973
2025-08-19,10,1411,1257
2025-08-19,11,1501,1343
2025-08-19,12,1862,1710
2025-08-19,13,3100,2166
2025-08-19,14,1740,179
2025-08-19,15,1660,150
2025-08-19,16,767,142
2025-08-19,17,65,1155
2025-08-19,18,1,967
2025-08-19,19,1,884
2025-08-19,20,1,519
2025-08-19,21,1,817
2025-08-19,22,1,559
2025-08-19,23,1,3994
2025-08-20,0,1,2676
2025-08-20,1,1,552
2025-08-20,2,1,426
2025-08-20,3,1,611
2025-08-20,4,1,551
2025-08-20,5,1,506
2025-08-20,6,1,793
2025-08-20,7,152,701
2025-08-20,8,523,583
2025-08-20,9,819,680
2025-08-20,10,1061,895
2025-08-20,11,1578,1397
2025-08-20,12,2278,2137
2025-08-20,13,2075,1789
2025-08-20,14,1248,1218
2025-08-20,15,1786,1587
2025-08-20,16,643,2057
2025-08-20,17,65,1521
2025-08-20,18,1,2218
2025-08-20,19,1,2771
2025-08-20,20,1,961
2025-08-20,21,1,727
2025-08-20,22,1,814
2025-08-20,23,1,1691
2025-08-21,0,1,519
2025-08-21,1,2,673
2025-08-21,2,1,462
2025-08-21,3,1,546
2025-08-21,4,1,671
2025-08-21,5,1,502
2025-08-21,6,1,756
2025-08-21,7,143,654
2025-08-21,8,1119,1000
2025-08-21,9,1738,1589
2025-08-21,10,1873,1656
2025-08-21,11,2621,2227
2025-08-21,12,1949,1653
2025-08-21,13,1666,1301
2025-08-21,14,793,161
2025-08-21,15,253,339
2025-08-21,16,151,453
2025-08-21,17,15,855
2025-08-21,18,1,1931
2025-08-21,19,1,989
2025-08-21,20,1,561
2025-08-21,21,1,735
2025-08-21,22,1,735
2025-08-21,23,1,4054
2025-08-22,0,1,2053
2025-08-22,1,1,672
2025-08-22,2,2,466
2025-08-22,3,1,625
2025-08-22,4,1,682
2025-08-22,5,1,540
2025-08-22,6,1,781
2025-08-22,7,133,969
2025-08-22,8,1387,2105
2025-08-22,9,2768,2676
2025-08-22,10,3591,3144
2025-08-22,11,2613,2087
2025-08-22,12,2854,1498
2025-08-22,13,3216,219
2025-08-22,14,1819,325
2025-08-22,15,1028,1214
2025-08-22,16,456,303
2025-08-22,17,66,563
2025-08-22,18,1,911
2025-08-22,19,1,566
2025-08-22,20,2,322
2025-08-22,21,1,179
2025-08-22,22,1,114
2025-08-22,23,1,1781
2025-08-23,0,1,100
2025-08-23,1,1,110
2025-08-23,2,1,99
2025-08-23,3,1,95
2025-08-23,4,1,105
2025-08-23,5,1,155
2025-08-23,6,1,221
2025-08-23,7,93,239
2025-08-23,8,1393,1261
2025-08-23,9,3172,564
2025-08-23,10,4399,152
2025-08-23,11,5065,180
2025-08-23,12,5152,193
2025-08-23,13,5161,211
2025-08-23,14,4880,208
2025-08-23,15,3918,210
2025-08-23,16,1414,159
2025-08-23,17,211,206
2025-08-23,18,1,248
2025-08-23,19,1,237
2025-08-23,20,1,229
2025-08-23,21,1,178
2025-08-23,22,1,115
2025-08-23,23,1,1302
2025-08-24,0,1,98
2025-08-24,1,2,108
2025-08-24,2,1,108
2025-08-24,3,1,98
2025-08-24,4,1,98
2025-08-24,5,1,157
2025-08-24,6,1,230
2025-08-24,7,85,283
2025-08-24,8,1374,1181
2025-08-24,9,3088,574
2025-08-24,10,4203,194
2025-08-24,11,4966,224
2025-08-24,12,5145,228
2025-08-24,13,5078,368
2025-08-24,14,4608,245
2025-08-24,15,3703,1128
2025-08-24,16,1347,1462
2025-08-24,17,120,1473
2025-08-24,18,1,1031
2025-08-24,19,1,1217
2025-08-24,20,1,1305
2025-08-24,21,1,1060
2025-08-24,22,1,746
2025-08-24,23,1,4277
2025-08-25,0,2,3483
2025-08-25,1,1,653
2025-08-25,2,1,454
2025-08-25,3,1,661
2025-08-25,4,2,585
2025-08-25,5,1,552
2025-08-25,6,1,838
2025-08-25,7,105,622
2025-08-25,8,1398,1249
2025-08-25,9,3120,2876
2025-08-25,10,4233,3836
2025-08-25,11,4822,1714
2025-08-25,12,5153,1400
2025-08-25,13,5123,1220
2025-08-25,14,4674,453
2025-08-25,15,3751,351
2025-08-25,16,1489,339
2025-08-25,17,224,1636
2025-08-25,18,1,883
2025-08-25,19,1,1361
2025-08-25,20,1,885
2025-08-25,21,1,822
2025-08-25,22,2,683
2025-08-25,23,1,4147
2025-08-26,0,1,2150
2025-08-26,1,1,576
2025-08-26,2,1,540
2025-08-26,3,1,428
2025-08-26,4,1,586
2025-08-26,5,1,608
2025-08-26,6,1,631
2025-08-26,7,103,560
2025-08-26,8,1465,782
2025-08-26,9,2494,696
2025-08-26,10,828,408
2025-08-26,11,4887,2432
2025-08-26,12,5243,2893
2025-08-26,13,5178,2031
2025-08-26,14,4727,332
2025-08-26,15,3838,188
2025-08-26,16,1605,275
2025-08-26,17,241,340
2025-08-26,18,1,1117
2025-08-26,19,1,722
2025-08-26,20,2,433
2025-08-26,21,1,597
2025-08-26,22,1,701
2025-08-26,23,1,4388
2025-08-27,0,1,1723
2025-08-27,1,1,665
2025-08-27,2,1,673
2025-08-27,3,1,408
2025-08-27,4,2,526
2025-08-27,5,1,607
2025-08-27,6,1,551
2025-08-27,7,102,364
2025-08-27,8,1445,741
2025-08-27,9,3193,875
2025-08-27,10,4339,1938
2025-08-27,11,5096,2681
2025-08-27,12,5328,2585
2025-08-27,13,5190,354
2025-08-27,14,4780,313
2025-08-27,15,3861,205
2025-08-27,16,1701,192
2025-08-27,17,182,706
2025-08-27,18,1,922
2025-08-27,19,1,837
2025-08-27,20,1,471
2025-08-27,21,1,657
2025-08-27,22,1,652
2025-08-27,23,1,4312
2025-08-28,0,2,1597
2025-08-28,1,1,758
2025-08-28,2,1,532
2025-08-28,3,1,420
2025-08-28,4,1,635
2025-08-28,5,1,444
2025-08-28,6,4,504
2025-08-28,7,307,647
2025-08-28,8,696,944
2025-08-28,9,2103,1976
2025-08-28,10,1938,1793
2025-08-28,11,2061,1916
2025-08-28,12,1943,1795
2025-08-28,13,2113,1876
2025-08-28,14,2593,2245
2025-08-28,15,2828,1059
2025-08-28,16,489,511
2025-08-28,17,85,732
2025-08-28,18,1,737
2025-08-28,19,1,725
2025-08-28,20,1,455
2025-08-28,21,2,613
2025-08-28,22,1,716
2025-08-28,23,1,4171
2025-08-29,0,1,2426
2025-08-29,1,1,571
2025-08-29,2,1,593
2025-08-29,3,1,595
2025-08-29,4,1,396
2025-08-29,5,2,381
2025-08-29,6,1,549
2025-08-29,7,133,631
2025-08-29,8,651,626
2025-08-29,9,1407,1289
2025-08-29,10,1058,1014
2025-08-29,11,1569,1408
2025-08-29,12,2699,2243
2025-08-29,13,4081,3228
2025-08-29,14,1380,1202
2025-08-29,15,2119,221
2025-08-29,16,623,339
2025-08-29,17,107,343
2025-08-29,18,1,763
2025-08-29,19,1,730
2025-08-29,20,1,628
2025-08-29,21,1,534
2025-08-29,22,1,671
2025-08-29,23,2,4223
2025-08-30,0,1,1389
2025-08-30,1,1,559
2025-08-30,2,1,694
2025-08-30,3,1,577
2025-08-30,4,1,416
2025-08-30,5,2,472
2025-08-30,6,1,641
2025-08-30,7,161,491
2025-08-30,8,759,1114
2025-08-30,9,2241,2245
2025-08-30,10,4048,3651
2025-08-30,11,4482,3476
2025-08-30,12,4967,3148
2025-08-30,13,4346,1090
2025-08-30,14,5303,1227
2025-08-30,15,3847,865
2025-08-30,16,1308,494
2025-08-30,17,35,1376
2025-08-30,18,1,1095
2025-08-30,19,1,679
2025-08-30,20,2,581
2025-08-30,21,1,403
2025-08-30,22,1,647
2025-08-30,23,1,4211
2025-08-31,0,1,1605
2025-08-31,1,1,561
2025-08-31,2,1,530
2025-08-31,3,2,425
2025-08-31,4,1,664
2025-08-31,5,1,463
2025-08-31,6,2,389
2025-08-31,7,96,656
2025-08-31,8,208,281
2025-08-31,9,282,313
2025-08-31,10,461,433
2025-08-31,11,481,1988
2025-08-31,12,724,1220
2025-08-31,13,779,2457
2025-08-31,14,702,1039
2025-08-31,15,737,841
2025-08-31,16,539,462
2025-08-31,17,97,641
2025-08-31,18,1,4383
2025-08-31,19,1,1815
2025-08-31,20,1,442
2025-08-31,21,1,562
2025-08-31,22,1,648
2025-08-31,23,1,4233
2025-09-01,0,1,4303
2025-09-01,1,1,2504
2025-09-01,2,1,610
2025-09-01,3,2,378
2025-09-01,4,1,478
2025-09-01,5,1,577
2025-09-01,6,3,381
2025-09-01,7,163,708
2025-09-01,8,1484,1343
2025-09-01,9,3010,2860
2025-09-01,10,3944,3266
2025-09-01,11,3224,649
2025-09-01,12,4297,299
2025-09-01,13,3316,294
2025-09-01,14,2299,303
2025-09-01,15,1868,429
2025-09-01,16,1890,368
2025-09-01,17,289,1752
2025-09-01,18,1,1659
2025-09-01,19,1,1043
2025-09-01,20,1,450
2025-09-01,21,1,436
2025-09-01,22,1,677
2025-09-01,23,1,4215
2025-09-02,0,1,1067
2025-09-02,1,2,502
2025-09-02,2,1,530
2025-09-02,3,1,643
2025-09-02,4,1,454
2025-09-02,5,2,372
2025-09-02,6,13,544
2025-09-02,7,238,705
2025-09-02,8,1146,997
2025-09-02,9,2494,2265
2025-09-02,10,3005,2543
2025-09-02,11,3712,2785
2025-09-02,12,3473,1167
2025-09-02,13,2994,627
2025-09-02,14,1562,663
2025-09-02,15,2054,473
2025-09-02,16,565,368
2025-09-02,17,279,785
2025-09-02,18,1,750
2025-09-02,19,1,751
2025-09-02,20,1,711
2025-09-02,21,1,550
2025-09-02,22,1,635
2025-09-02,23,1,4161
2025-09-03,0,1,2030
2025-09-03,1,2,567
2025-09-03,2,1,699
2025-09-03,3,1,428
2025-09-03,4,1,521
2025-09-03,5,1,628
2025-09-03,6,5,449
2025-09-03,7,261,470
2025-09-03,8,1562,604
2025-09-03,9,3345,623
2025-09-03,10,4557,1717
2025-09-03,11,5319,2387
2025-09-03,12,5367,2174
2025-09-03,13,4562,380
2025-09-03,14,3899,347
2025-09-03,15,4364,228
2025-09-03,16,2162,299
2025-09-03,17,364,1381
2025-09-03,18,1,952
2025-09-03,19,1,754
2025-09-03,20,2,491
2025-09-03,21,1,528
2025-09-03,22,1,692
2025-09-03,23,1,4208
2025-09-04,0,1,1995
2025-09-04,1,1,552
2025-09-04,2,1,600
2025-09-04,3,1,521
2025-09-04,4,1,393
2025-09-04,5,1,439
2025-09-04,6,18,695
2025-09-04,7,186,612
2025-09-04,8,1107,1293
2025-09-04,9,1272,1136
2025-09-04,10,1688,1532
2025-09-04,11,2672,2505
2025-09-04,12,2700,2347
2025-09-04,13,2286,1225
2025-09-04,14,3797,311
2025-09-04,15,3223,428
2025-09-04,16,1459,580
2025-09-04,17,226,1057
2025-09-04,18,2,717
2025-09-04,19,1,526
2025-09-04,20,1,428
2025-09-04,21,1,479
2025-09-04,22,1,641
2025-09-04,23,1,4315
2025-09-05,0,2,1544
2025-09-05,1,1,539
2025-09-05,2,1,500
2025-09-05,3,1,564
2025-09-05,4,2,414
2025-09-05,5,1,363
2025-09-05,6,1,412
2025-09-05,7,259,840
2025-09-05,8,1634,1639
2025-09-05,9,2747,2524
2025-09-05,10,4045,3299
2025-09-05,11,3962,2198
2025-09-05,12,3635,303
2025-09-05,13,4780,324
2025-09-05,14,3959,786
2025-09-05,15,3287,326
2025-09-05,16,1323,710
2025-09-05,17,168,907
2025-09-05,18,1,1063
2025-09-05,19,1,707
2025-09-05,20,2,820
2025-09-05,21,1,538
2025-09-05,22,1,586
2025-09-05,23,1,4239
2025-09-06,0,1,2171
2025-09-06,1,1,534
2025-09-06,2,2,512
2025-09-06,3,1,533
2025-09-06,4,1,514
2025-09-06,5,1,368
2025-09-06,6,1,388
2025-09-06,7,41,599
2025-09-06,8,76,261
2025-09-06,9,284,343
2025-09-06,10,1209,1234
2025-09-06,11,2076,1942
2025-09-06,12,3943,3074
2025-09-06,13,3888,2985
2025-09-06,14,4348,2972
2025-09-06,15,4115,266
2025-09-06,16,1265,345
2025-09-06,17,186,1481
2025-09-06,18,1,1182
2025-09-06,19,1,798
2025-09-06,20,1,711
2025-09-06,21,1,511
2025-09-06,22,1,653
2025-09-06,23,1,2544
2025-09-07,0,1,424
2025-09-07,1,1,396
2025-09-07,2,1,555
2025-09-07,3,1,519
2025-09-07,4,1,404
2025-09-07,5,1,560
2025-09-07,6,10,699
2025-09-07,7,207,1186
2025-09-07,8,1355,1305
2025-09-07,9,3050,2958
2025-09-07,10,4106,3248
2025-09-07,11,4691,4202
2025-09-07,12,5690,1906
2025-09-07,13,5252,430
2025-09-07,14,4029,559
2025-09-07,15,3501,1372
2025-09-07,16,895,1444
2025-09-07,17,108,1837
2025-09-07,18,1,1391
2025-09-07,19,1,919
2025-09-07,20,1,553
2025-09-07,21,1,486
2025-09-07,22,1,711
2025-09-07,23,1,4124
2025-09-08,0,1,3311
2025-09-08,1,1,472
2025-09-08,2,1,611
2025-09-08,3,1,404
2025-09-08,4,1,500
2025-09-08,5,1,689
2025-09-08,6,18,556
2025-09-08,7,264,851
2025-09-08,8,1699,1553
2025-09-08,9,3471,1649
2025-09-08,10,4733,2133
2025-09-08,11,4009,1763
2025-09-08,12,4821,2037
2025-09-08,13,4424,270
2025-09-08,14,3898,214
2025-09-08,15,2409,292
2025-09-08,16,551,255
2025-09-08,17,156,622
2025-09-08,18,1,1360
2025-09-08,19,1,1209
2025-09-08,20,1,905
2025-09-08,21,1,903
2025-09-08,22,1,479
2025-09-08,23,1,4119
2025-09-09,0,1,649
2025-09-09,1,2,473
2025-09-09,2,1,413
2025-09-09,3,1,655
2025-09-09,4,1,449
2025-09-09,5,1,563
2025-09-09,6,17,786
2025-09-09,7,214,543
2025-09-09,8,1751,307
2025-09-09,9,3469,763
2025-09-09,10,4716,1185
2025-09-09,11,4813,1235
2025-09-09,12,4391,1733
2025-09-09,13,3886,2003
2025-09-09,14,2599,920
2025-09-09,15,3346,1599
2025-09-09,16,1526,624
2025-09-09,17,357,1601
2025-09-09,18,1,1380
2025-09-09,19,1,980
2025-09-09,20,1,506
2025-09-09,21,1,474
2025-09-09,22,1,633
2025-09-09,23,1,4139
2025-09-10,0,1,2587
2025-09-10,1,1,397
2025-09-10,2,2,505
2025-09-10,3,1,537
2025-09-10,4,1,403
2025-09-10,5,1,513
2025-09-10,6,5,710
2025-09-10,7,331,650
2025-09-10,8,1513,1814
2025-09-10,9,3361,3078
2025-09-10,10,4081,2630
2025-09-10,11,2570,202
2025-09-10,12,2732,187
2025-09-10,13,4464,333
2025-09-10,14,1773,947
2025-09-10,15,1930,522
2025-09-10,16,594,150
2025-09-10,17,91,1239
2025-09-10,18,1,1846
2025-09-10,19,1,1502
2025-09-10,20,1,1309
2025-09-10,21,1,492
2025-09-10,22,1,649
2025-09-10,23,1,3984
2025-09-11,0,1,4144
2025-09-11,1,1,400
2025-09-11,2,2,380
2025-09-11,3,1,584
2025-09-11,4,1,450
2025-09-11,5,1,467
2025-09-11,6,21,688
2025-09-11,7,328,809
2025-09-11,8,1451,1333
2025-09-11,9,2700,1600
2025-09-11,10,4128,2553
2025-09-11,11,4026,2143
2025-09-11,12,4334,379
2025-09-11,13,3393,171
2025-09-11,14,5025,243
2025-09-11,15,4570,262
2025-09-11,16,1935,297
2025-09-11,17,338,1073
2025-09-11,18,1,1194
2025-09-11,19,1,909
2025-09-11,20,1,556
2025-09-11,21,1,730
2025-09-11,22,1,696
2025-09-11,23,1,4163
2025-09-12,0,2,2192
2025-09-12,1,1,459
2025-09-12,2,1,574
2025-09-12,3,1,391
2025-09-12,4,2,413
2025-09-12,5,1,667
2025-09-12,6,10,579
2025-09-12,7,173,945
2025-09-12,8,522,531
2025-09-12,9,422,312
2025-09-12,10,446,318
2025-09-12,11,1058,922
2025-09-12,12,1882,1738
2025-09-12,13,1258,1111
2025-09-12,14,2203,2053
2025-09-12,15,633,947
2025-09-12,16,1778,1627
2025-09-12,17,514,1050
2025-09-12,18,2,827
2025-09-12,19,1,842
2025-09-12,20,1,886
2025-09-12,21,1,602
2025-09-12,22,1,659
2025-09-12,23,1,4108
2025-09-13,0,1,4062
2025-09-13,1,1,1322
2025-09-13,2,1,568
2025-09-13,3,2,401
2025-09-13,4,1,658
2025-09-13,5,1,642
2025-09-13,6,68,587
2025-09-13,7,502,1194
2025-09-13,8,1786,1637
2025-09-13,9,2417,2233
2025-09-13,10,442,506
2025-09-13,11,553,469
2025-09-13,12,1284,1149
2025-09-13,13,1329,1500
2025-09-13,14,1331,1205
2025-09-13,15,2481,3725
2025-09-13,16,1738,468
2025-09-13,17,439,1323
2025-09-13,18,2,2310
2025-09-13,19,1,868
2025-09-13,20,1,871
2025-09-13,21,1,506
2025-09-13,22,1,689
2025-09-13,23,1,620
2025-09-14,0,1,428
2025-09-14,1,1,405
2025-09-14,2,2,493
2025-09-14,3,1,522
2025-09-14,4,1,386
2025-09-14,5,1,594
2025-09-14,6,9,735
2025-09-14,7,282,608
2025-09-14,8,519,394
2025-09-14,9,2503,2392
2025-09-14,10,4655,4237
2025-09-14,11,5697,5070
2025-09-14,12,5982,4687
2025-09-14,13,4745,1988
2025-09-14,14,4051,1616
2025-09-14,15,1818,1566
2025-09-14,16,1795,1438
2025-09-14,17,135,1385
2025-09-14,18,1,587
2025-09-14,19,2,503
2025-09-14,20,1,558
2025-09-14,21,1,711
2025-09-14,22,1,623
2025-09-14,23,1,3968
2025-09-15,0,1,3461
2025-09-15,1,1,579
2025-09-15,2,1,499
2025-09-15,3,1,404
2025-09-15,4,1,555
2025-09-15,5,1,614
2025-09-15,6,48,668
2025-09-15,7,428,630
2025-09-15,8,1399,1253
2025-09-15,9,2088,1743
2025-09-15,10,3055,2413
2025-09-15,11,3636,2826
2025-09-15,12,4098,869
2025-09-15,13,3785,248
2025-09-15,14,3299,209
2025-09-15,15,2367,1593
2025-09-15,16,1755,669
2025-09-15,17,448,1731
2025-09-15,18,1,1508
2025-09-15,19,1,876
2025-09-15,20,1,638
2025-09-15,21,1,797
2025-09-15,22,1,539
2025-09-15,23,1,3969
2025-09-16,0,1,737
2025-09-16,1,2,419
2025-09-16,2,1,574
2025-09-16,3,1,438
2025-09-16,4,1,365
2025-09-16,5,1,439
2025-09-16,6,2,613
2025-09-16,7,314,917
2025-09-16,8,350,774
2025-09-16,9,520,824
2025-09-16,10,832,743
2025-09-16,11,2161,1938
2025-09-16,12,2374,2122
2025-09-16,13,1734,1583
2025-09-16,14,2020,1826
2025-09-16,15,1181,1036
2025-09-16,16,326,260
2025-09-16,17,79,462
2025-09-16,18,1,867
2025-09-16,19,1,846
2025-09-16,20,2,561
2025-09-16,21,1,689
2025-09-16,22,1,588
2025-09-16,23,1,4104
2025-09-17,0,1,1383
2025-09-17,1,1,418
2025-09-17,2,1,421
2025-09-17,3,2,547
2025-09-17,4,1,458
2025-09-17,5,1,432
2025-09-17,6,6,499
2025-09-17,7,204,878
2025-09-17,8,697,1088
2025-09-17,9,676,936
2025-09-17,10,2511,2360
2025-09-17,11,4433,3768
2025-09-17,12,4913,1929
2025-09-17,13,4517,304
2025-09-17,14,2983,509
2025-09-17,15,4364,1490
2025-09-17,16,2783,529
2025-09-17,17,549,1193
2025-09-17,18,1,1897
2025-09-17,19,1,1159
2025-09-17,20,1,467
2025-09-17,21,1,661
2025-09-17,22,1,578
2025-09-17,23,2,4049
2025-09-18,0,1,1220
2025-09-18,1,1,395
2025-09-18,2,1,543
2025-09-18,3,2,456
2025-09-18,4,1,382
2025-09-18,5,1,449
2025-09-18,6,1,560
2025-09-18,7,48,801
2025-09-18,8,333,353
2025-09-18,9,920,749
2025-09-18,10,1558,1405
2025-09-18,11,1837,1642
2025-09-18,12,1767,1571
2025-09-18,13,1312,1435
2025-09-18,14,1281,1166
2025-09-18,15,1870,1730
2025-09-18,16,701,583
2025-09-18,17,352,998
2025-09-18,18,3,1006
2025-09-18,19,1,837
2025-09-18,20,1,518
2025-09-18,21,2,479
2025-09-18,22,1,649
2025-09-18,23,1,4090
2025-09-19,0,1,2817
2025-09-19,1,1,398
2025-09-19,2,1,536
2025-09-19,3,1,504
2025-09-19,4,1,397
2025-09-19,5,1,504
2025-09-19,6,84,729
2025-09-19,7,440,669
2025-09-19,8,2056,1916
2025-09-19,9,2488,2367
2025-09-19,10,3656,3392
2025-09-19,11,5339,4189
2025-09-19,12,3657,847
2025-09-19,13,2030,564
2025-09-19,14,4929,585
2025-09-19,15,2970,1182
2025-09-19,16,3083,154
2025-09-19,17,716,128
2025-09-19,18,5,106
2025-09-19,19,1,110
2025-09-19,20,1,84
2025-09-19,21,1,111
2025-09-19,22,1,84
2025-09-19,23,1,94
2025-09-20,0,1,87
2025-09-20,1,1,95
2025-09-20,2,1,86
2025-09-20,3,1,84
2025-09-20,4,1,87
2025-09-20,5,1,76
2025-09-20,6,46,92
2025-09-20,7,270,169
2025-09-20,8,2107,1898
2025-09-20,9,4088,130
2025-09-20,10,5055,164
2025-09-20,11,5121,161
2025-09-20,12,5126,166
2025-09-20,13,5144,189
2025-09-20,14,4887,187
2025-09-20,15,3797,165
2025-09-20,16,2767,428
2025-09-20,17,511,379
2025-09-20,18,4,95
2025-09-20,19,1,109
2025-09-20,20,1,99
2025-09-20,21,1,93
2025-09-20,22,1,99
2025-09-20,23,1,87
2025-09-21,0,1,99
2025-09-21,1,1,90
2025-09-21,2,1,88
2025-09-21,3,2,94
2025-09-21,4,1,93
2025-09-21,5,1,84
2025-09-21,6,81,106
2025-09-21,7,437,303
2025-09-21,8,1958,1698
2025-09-21,9,2939,125
2025-09-21,10,3333,136
2025-09-21,11,3899,966
2025-09-21,12,3708,331
2025-09-21,13,2631,173
2025-09-21,14,3949,847
2025-09-21,15,2859,1435
2025-09-21,16,681,1546
2025-09-21,17,177,1230
2025-09-21,18,2,1394
2025-09-21,19,1,956
2025-09-21,20,1,594
2025-09-21,21,1,488
2025-09-21,22,1,644
2025-09-21,23,1,4164
2025-09-22,0,1,703
2025-09-22,1,2,497
2025-09-22,2,1,416
2025-09-22,3,1,356
2025-09-22,4,1,360
2025-09-22,5,1,462
2025-09-22,6,1,633
2025-09-22,7,174,652
2025-09-22,8,617,529
2025-09-22,9,1573,1419
2025-09-22,10,1565,1413
2025-09-22,11,846,696
2025-09-22,12,836,721
2025-09-22,13,1588,1441
2025-09-22,14,1121,974
2025-09-22,15,1310,1114
2025-09-22,16,2286,2042
2025-09-22,17,421,1447
2025-09-22,18,3,1008
2025-09-22,19,1,960
2025-09-22,20,1,954
2025-09-22,21,1,728
2025-09-22,22,2,524
2025-09-22,23,1,3892
2025-09-23,0,1,414
2025-09-23,1,1,393
2025-09-23,2,1,367
2025-09-23,3,1,349
2025-09-23,4,1,348
2025-09-23,5,1,438
2025-09-23,6,4,493
2025-09-23,7,99,817
2025-09-23,8,566,521
2025-09-23,9,1161,1029
2025-09-23,10,789,640
2025-09-23,11,876,739
2025-09-23,12,857,1089
2025-09-23,13,1284,1120
2025-09-23,14,1046,872
2025-09-23,15,402,351
2025-09-23,16,449,384
2025-09-23,17,321,773
2025-09-23,18,1,1086
2025-09-23,19,1,896
2025-09-23,20,2,630
2025-09-23,21,1,659
2025-09-23,22,1,354
2025-09-23,23,1,4056
2025-09-24,0,1,4157
2025-09-24,1,1,898
2025-09-24,2,2,394
2025-09-24,3,1,406
2025-09-24,4,1,404
2025-09-24,5,1,488
2025-09-24,6,43,539
2025-09-24,7,284,811
2025-09-24,8,492,458
2025-09-24,9,1029,882
2025-09-24,10,1691,1895
2025-09-24,11,3099,2789
2025-09-24,12,1739,1802
2025-09-24,13,741,622
2025-09-24,14,244,344
2025-09-24,15,496,501
2025-09-24,16,181,437
2025-09-24,17,115,755
2025-09-24,18,1,1078
2025-09-24,19,1,801
2025-09-24,20,2,816
2025-09-24,21,1,623
2025-09-24,22,1,474
2025-09-24,23,1,3959
2025-09-25,0,1,4044
2025-09-25,1,1,3371
2025-09-25,2,1,385
2025-09-25,3,1,353
2025-09-25,4,1,371
2025-09-25,5,1,443
2025-09-25,6,64,483
2025-09-25,7,313,775
2025-09-25,8,820,889
2025-09-25,9,2636,2537
2025-09-25,10,3652,2990
2025-09-25,11,4352,3499
2025-09-25,12,4846,1484
2025-09-25,13,4001,915
2025-09-25,14,2901,477
2025-09-25,15,1540,181
2025-09-25,16,2127,1633
2025-09-25,17,810,1218
2025-09-25,18,7,846
2025-09-25,19,1,655
2025-09-25,20,1,544
2025-09-25,21,1,696
2025-09-25,22,1,500
2025-09-25,23,1,3932
2025-09-26,0,1,781
2025-09-26,1,1,348
2025-09-26,2,1,382
2025-09-26,3,1,511
2025-09-26,4,1,449
2025-09-26,5,2,438
2025-09-26,6,126,518
2025-09-26,7,413,653
2025-09-26,8,2354,2171
2025-09-26,9,4193,1855
2025-09-26,10,4166,1690
2025-09-26,11,3566,1200
2025-09-26,12,4785,2069
2025-09-26,13,1418,492
2025-09-26,14,3235,1581
2025-09-26,15,2666,1051
2025-09-26,16,1183,979
2025-09-26,17,790,1261
2025-09-26,18,18,904
2025-09-26,19,2,839
2025-09-26,20,1,702
2025-09-26,21,1,510
2025-09-26,22,1,533
2025-09-26,23,1,3931
2025-09-27,0,1,3537
2025-09-27,1,1,455
2025-09-27,2,1,428
2025-09-27,3,2,357
2025-09-27,4,1,377
2025-09-27,5,1,444
2025-09-27,6,323,570
2025-09-27,7,609,639
2025-09-27,8,1548,1403
2025-09-27,9,1666,884
2025-09-27,10,2386,2076
2025-09-27,11,3026,2740
2025-09-27,12,4884,3761
2025-09-27,13,4823,1452
2025-09-27,14,3735,515
2025-09-27,15,1219,558
2025-09-27,16,870,394
2025-09-27,17,311,1187
2025-09-27,18,2,1135
2025-09-27,19,1,851
2025-09-27,20,2,515
2025-09-27,21,1,656
2025-09-27,22,1,483
2025-09-27,23,1,4140
2025-09-28,0,1,2106
2025-09-28,1,2,368
2025-09-28,3,1,368
2025-09-28,4,1,356
2025-09-28,5,2,365
2025-09-28,6,1,456
2025-09-28,7,143,548
2025-09-28,8,646,644
2025-09-28,9,2558,917
2025-09-28,10,3830,2111
2025-09-28,11,3749,2073
2025-09-28,12,3758,2663
2025-09-28,13,2046,868
2025-09-28,14,1592,747
2025-09-28,15,477,1046
2025-09-28,16,1625,1318
2025-09-28,17,936,772
2025-09-28,18,207,306
2025-09-28,19,2,265
2025-09-28,20,1,990
2025-09-28,21,1,1043
2025-09-28,22,1,328
2025-09-28,23,1,2629
2025-09-29,0,1,188
2025-09-29,1,2,183
2025-09-29,2,1,150
2025-09-29,3,1,133
2025-09-29,4,1,134
2025-09-29,5,1,133
2025-09-29,6,2,200
2025-09-29,7,44,447
2025-09-29,8,748,643
2025-09-29,9,2219,2064
2025-09-29,10,3053,2818
2025-09-29,11,1064,1284
2025-09-29,12,1198,1541
2025-09-29,13,1094,936
2025-09-29,14,3841,1238
2025-09-29,15,5150,2368
2025-09-29,16,4807,846
2025-09-29,17,3267,1492
2025-09-29,18,1011,1245
2025-09-29,19,13,760
2025-09-29,20,1,851
2025-09-29,21,2,659
2025-09-29,22,1,556
2025-09-29,23,1,4099
2025-09-30,0,1,1426
2025-09-30,1,1,375
2025-09-30,2,1,367
2025-09-30,3,2,331
2025-09-30,4,2,517
2025-09-30,5,1,459
2025-09-30,6,1,470
2025-09-30,7,103,963
2025-09-30,8,499,1609
2025-09-30,9,2386,1207
2025-09-30,10,3218,1311
2025-09-30,11,4998,2826
2025-09-30,12,3699,1605
2025-09-30,13,4501,2055
2025-09-30,14,3884,1726
2025-09-30,15,3324,1591
2025-09-30,16,2694,1308
2025-09-30,17,1773,707
2025-09-30,18,728,512
2025-09-30,19,12,441
2025-09-30,20,1,117
2025-09-30,21,1,113
2025-09-30,22,1,107
2025-09-30,23,1,119
2025-10-01,0,1,113
2025-10-01,1,1,104
2025-10-01,2,1,105
2025-10-01,3,2,107
2025-10-01,4,1,109
2025-10-01,5,1,99
2025-10-01,6,1,110
2025-10-01,7,60,109
2025-10-01,8,578,119
2025-10-01,9,1841,295
2025-10-01,10,2161,328
2025-10-01,11,1130,136
2025-10-01,12,624,131
2025-10-01,13,876,257
2025-10-01,14,1276,138
2025-10-01,15,508,133
2025-10-01,16,314,148
2025-10-01,17,120,153
2025-10-01,18,78,115
2025-10-01,19,2,109
2025-10-01,20,1,87
2025-10-01,21,1,105
2025-10-01,22,1,89
2025-10-01,23,1,95
2025-10-02,0,1,95
2025-10-02,1,1,97
2025-10-02,2,1,90
2025-10-02,3,1,85
2025-10-02,4,1,89
2025-10-02,5,2,98
2025-10-02,6,1,88
2025-10-02,7,171,103
2025-10-02,8,1054,118
2025-10-02,9,1242,114
2025-10-02,10,1165,125
2025-10-02,11,1914,338
2025-10-02,12,1891,331
2025-10-02,13,865,148
2025-10-02,14,1163,161
2025-10-02,15,748,179
2025-10-02,16,598,155
2025-10-02,17,302,152
2025-10-02,18,39,124
2025-10-02,19,3,98
2025-10-02,20,1,104
2025-10-02,21,1,90
2025-10-02,22,1,106
2025-10-02,23,1,3684
2025-10-03,0,1,726
2025-10-03,1,1,115
2025-10-03,2,2,100
2025-10-03,3,1,90
2025-10-03,4,1,113
2025-10-03,5,1,95
2025-10-03,6,1,98
2025-10-03,7,153,129
2025-10-03,8,570,110
2025-10-03,9,2500,330
2025-10-03,10,4315,1148
2025-10-03,11,4752,167
2025-10-03,12,4471,335
2025-10-03,13,4531,1422
2025-10-03,14,3299,156
2025-10-03,15,2621,161
2025-10-03,16,583,146
2025-10-03,17,152,127
2025-10-03,18,10,123
2025-10-03,19,2,105
2025-10-03,20,1,118
2025-10-03,21,1,110
2025-10-03,22,1,114
2025-10-03,23,1,1130
2025-10-04,0,1,99
2025-10-04,1,1,117
2025-10-04,2,2,108
2025-10-04,3,1,119
2025-10-04,4,1,100
2025-10-04,5,1,105
2025-10-04,6,1,210
2025-10-04,7,109,161
2025-10-04,8,728,156
2025-10-04,9,1470,199
2025-10-04,10,3052,914
2025-10-04,11,3810,523
2025-10-04,12,3753,155
2025-10-04,13,1441,138
2025-10-04,14,1452,167
2025-10-04,15,1413,164
2025-10-04,16,492,156
2025-10-04,17,355,142
2025-10-04,18,390,137
2025-10-04,19,19,120
2025-10-04,20,1,117
2025-10-04,21,2,111
2025-10-04,22,1,100
2025-10-04,23,1,1131
2025-10-05,0,1,119
2025-10-05,1,1,103
2025-10-05,2,1,101
2025-10-05,3,2,119
2025-10-05,4,1,95
2025-10-05,5,1,106
2025-10-05,6,1,116
2025-10-05,7,124,108
2025-10-05,8,490,137
2025-10-05,9,1767,163
2025-10-05,10,3017,800
2025-10-05,11,2080,175
2025-10-05,12,3236,671
2025-10-05,13,3904,1971
2025-10-05,14,2377,1065
2025-10-05,15,3358,3165
2025-10-05,16,4671,1364
2025-10-05,17,3057,1575
2025-10-05,18,1247,1127
2025-10-05,19,17,649
2025-10-05,20,1,462
2025-10-05,21,1,580
2025-10-05,22,1,608
2025-10-05,23,1,4066
2025-10-06,0,2,1468
2025-10-06,1,1,395
2025-10-06,2,1,587
2025-10-06,3,1,426
2025-10-06,4,2,392
2025-10-06,5,1,462
2025-10-06,6,1,564
2025-10-06,7,114,613
2025-10-06,8,548,809
2025-10-06,9,1410,1536
2025-10-06,10,1698,1564
2025-10-06,11,1764,1604
2025-10-06,12,2285,2020
2025-10-06,13,3282,2572
2025-10-06,14,3264,1619
2025-10-06,15,2343,273
2025-10-06,16,2202,269
2025-10-06,17,1088,1804
2025-10-06,18,658,1107
2025-10-06,19,7,657
2025-10-06,20,1,446
2025-10-06,21,1,402
2025-10-06,22,1,637
2025-10-06,23,1,4169
2025-10-07,0,1,1
2025-10-07,1,1,1
2025-10-07,2,1,1
2025-10-07,3,1,1
2025-10-07,4,1,1
2025-10-07,5,1,1
2025-10-07,6,1,1
2025-10-07,7,72,388
2025-10-07,8,551,465
2025-10-07,9,1625,1486
2025-10-07,10,4169,3557
2025-10-07,11,3565,1607
2025-10-07,12,3015,420
2025-10-07,13,3128,646
2025-10-07,14,3173,188
2025-10-07,15,4255,396
2025-10-07,16,3735,850
2025-10-07,17,783,1553
2025-10-07,18,190,1159
2025-10-07,19,40,905
2025-10-07,20,1,545
2025-10-07,21,1,590
2025-10-07,22,1,662
2025-10-07,23,1,3146
2025-10-08,0,1,405
2025-10-08,1,1,388
2025-10-08,2,1,461
2025-10-08,3,1,560
2025-10-08,4,1,425
2025-10-08,5,1,383
2025-10-08,6,4,451
2025-10-08,7,300,745
2025-10-08,8,970,1279
2025-10-08,9,1694,1495
2025-10-08,10,2664,2445
2025-10-08,11,2745,2492
2025-10-08,12,4540,1321
2025-10-08,13,4176,454
2025-10-08,14,4089,1040
2025-10-08,15,4978,578
2025-10-08,16,4522,1106
2025-10-08,17,3482,898
2025-10-08,18,1064,967
2025-10-08,19,22,492
2025-10-08,20,1,607
2025-10-08,21,1,592
2025-10-08,22,1,736
2025-10-08,23,1,4149
2025-10-09,0,1,836
2025-10-09,1,2,399
2025-10-09,2,1,474
2025-10-09,3,1,571
2025-10-09,4,1,409
2025-10-09,5,1,394
2025-10-09,6,1,529
2025-10-09,7,94,746
2025-10-09,8,379,430
2025-10-09,9,1899,1741
2025-10-09,10,3279,3060
2025-10-09,11,3243,3014
2025-10-09,12,2730,1719
2025-10-09,13,3612,178
2025-10-09,14,3894,227
2025-10-09,15,2363,181
2025-10-09,16,715,442
2025-10-09,17,385,1149
2025-10-09,18,63,1093
2025-10-09,19,7,463
2025-10-09,20,1,574
2025-10-09,21,1,754
2025-10-09,22,1,697
2025-10-09,23,1,4024
2025-10-10,0,1,1405
2025-10-10,1,1,376
2025-10-10,2,1,516
2025-10-10,3,2,494
2025-10-10,4,1,392
2025-10-10,5,1,396
2025-10-10,6,1,378
2025-10-10,7,172,1046
2025-10-10,8,664,868
2025-10-10,9,1834,1875
2025-10-10,10,4256,3807
2025-10-10,11,4529,2748
2025-10-10,12,4750,254
2025-10-10,13,4548,262
2025-10-10,14,3079,260
2025-10-10,15,2154,843
2025-10-10,16,1822,860
2025-10-10,17,1861,873
2025-10-10,18,1093,591
2025-10-10,19,21,859
2025-10-10,20,1,818
2025-10-10,21,1,581
2025-10-10,22,1,356
2025-10-10,23,1,3851
2025-10-11,0,2,254
2025-10-11,1,1,219
2025-10-11,2,1,194
2025-10-11,3,1,210
2025-10-11,4,2,190
2025-10-11,5,1,209
2025-10-11,6,1,196
2025-10-11,7,164,456
2025-10-11,8,627,607
2025-10-11,9,861,1018
2025-10-11,10,1002,1159
2025-10-11,11,1131,1610
2025-10-11,12,3152,2776
2025-10-11,13,2367,2282
2025-10-11,14,1158,1242
2025-10-11,15,1066,975
2025-10-11,16,783,667
2025-10-11,17,511,1191
2025-10-11,18,116,695
2025-10-11,19,1,862
2025-10-11,20,1,616
2025-10-11,21,1,524
2025-10-11,22,1,339
2025-10-11,23,1,3745
2025-10-12,0,1,3827
2025-10-12,1,2,290
2025-10-12,2,1,152
2025-10-12,3,1,154
2025-10-12,4,2,155
2025-10-12,5,1,143
2025-10-12,6,1,151
2025-10-12,7,276,478
2025-10-12,8,952,738
2025-10-12,9,1372,1406
2025-10-12,10,1606,1924
2025-10-12,11,2856,2841
2025-10-12,12,1883,1848
2025-10-12,13,1461,1370
2025-10-12,14,1475,1334
2025-10-12,15,802,668
2025-10-12,16,306,349
2025-10-12,17,657,1643
2025-10-12,18,259,1121
2025-10-12,19,12,884
2025-10-12,20,2,713
2025-10-12,21,1,514
2025-10-12,22,1,279
2025-10-12,23,1,3720
2025-10-13,0,1,3850
2025-10-13,1,1,2116
2025-10-13,2,1,148
2025-10-13,3,2,141
2025-10-13,4,1,150
2025-10-13,5,1,149
2025-10-13,6,5,136
2025-10-13,7,294,511
2025-10-13,8,563,474
2025-10-13,9,1889,1725
2025-10-13,10,3131,2816
2025-10-13,11,1568,1425
2025-10-13,12,1018,882
2025-10-13,13,1026,1064
2025-10-13,14,1039,251
2025-10-13,15,725,194
2025-10-13,16,376,171
2025-10-13,17,118,1276
2025-10-13,18,78,944
2025-10-13,19,4,838
2025-10-13,20,1,500
2025-10-13,21,2,511
2025-10-13,22,1,293
2025-10-13,23,1,3753
2025-10-14,0,1,777
2025-10-14,1,1,150
2025-10-14,2,1,139
2025-10-14,3,2,156
2025-10-14,4,1,139
2025-10-14,5,1,146
2025-10-14,6,1,137
2025-10-14,7,80,529
2025-10-14,8,239,467
2025-10-14,9,762,1173
2025-10-14,10,1938,1761
2025-10-14,11,1890,1666
2025-10-14,12,1422,1243
2025-10-14,13,1682,1442
2025-10-14,14,4307,1633
2025-10-14,15,2752,196
2025-10-14,16,1525,187
2025-10-14,17,560,1408
2025-10-14,18,382,898
2025-10-14,19,4,604
2025-10-14,20,1,543
2025-10-14,21,1,558
2025-10-14,22,1,654
2025-10-14,23,1,3894
2025-10-15,0,1,455
2025-10-15,1,1,347
2025-10-15,2,1,372
2025-10-15,3,2,360
2025-10-15,4,1,371
2025-10-15,5,1,393
2025-10-15,6,14,631
2025-10-15,7,398,577
2025-10-15,8,1087,1186
2025-10-15,9,2488,2329
2025-10-15,10,4519,3556
2025-10-15,11,3642,244
2025-10-15,12,4303,181
2025-10-15,13,4500,181
2025-10-15,14,3523,809
2025-10-15,15,2581,542
2025-10-15,16,2595,190
2025-10-15,17,2014,873
2025-10-15,18,1146,1000
2025-10-15,19,40,715
2025-10-15,20,1,576
2025-10-15,21,1,588
2025-10-15,22,1,704
2025-10-15,23,1,4095
2025-10-16,0,1,1072
2025-10-16,1,1,376
2025-10-16,2,1,383
2025-10-16,3,1,426
2025-10-16,4,1,532
2025-10-16,5,1,519
2025-10-16,6,34,427
2025-10-16,7,393,633
2025-10-16,8,1454,1572
2025-10-16,9,2600,2560
2025-10-16,10,3513,3224
2025-10-16,11,4589,2086
2025-10-16,12,4149,219
2025-10-16,13,4925,216
2025-10-16,14,3913,250
2025-10-16,15,3941,1164
2025-10-16,16,2877,358
2025-10-16,17,934,1185
2025-10-16,18,156,1103
2025-10-16,19,19,758
2025-10-16,20,1,529
2025-10-16,21,1,519
2025-10-16,22,1,655
2025-10-16,23,1,4092
2025-10-17,0,2,1527
2025-10-17,1,1,393
2025-10-17,2,1,395
2025-10-17,3,1,365
2025-10-17,4,1,444
2025-10-17,5,1,539
2025-10-17,6,26,516
2025-10-17,7,320,487
2025-10-17,8,1059,1481
2025-10-17,9,2940,2774
2025-10-17,10,4588,4066
2025-10-17,11,5590,806
2025-10-17,12,5875,808
2025-10-17,13,5911,786
2025-10-17,14,5872,247
2025-10-17,15,5851,1270
2025-10-17,16,5046,788
2025-10-17,17,3203,1350
2025-10-17,18,1586,866
2025-10-17,19,44,506
2025-10-17,20,1,124
2025-10-17,21,1,127
2025-10-17,22,1,129
2025-10-17,23,1,1278
2025-10-18,0,1,124
2025-10-18,1,2,115
2025-10-18,2,1,108
2025-10-18,3,1,127
2025-10-18,4,1,110
2025-10-18,5,1,170
2025-10-18,6,16,177
2025-10-18,7,278,196
2025-10-18,8,960,817
2025-10-18,9,2177,702
2025-10-18,10,3029,145
2025-10-18,11,3878,153
2025-10-18,12,5016,160
2025-10-18,13,5205,226
2025-10-18,14,5626,186
2025-10-18,15,5767,228
2025-10-18,16,5116,194
2025-10-18,17,3030,182
2025-10-18,18,790,149
2025-10-18,19,55,137
2025-10-18,20,1,136
2025-10-18,21,1,132
2025-10-18,22,1,115
2025-10-18,23,1,1117
2025-10-19,0,1,121
2025-10-19,1,1,114
2025-10-19,2,2,123
2025-10-19,3,1,109
2025-10-19,4,1,127
2025-10-19,5,1,124
2025-10-19,6,17,120
2025-10-19,7,523,409
2025-10-19,8,1132,989
2025-10-19,9,702,512
2025-10-19,10,1038,141
2025-10-19,11,688,137
2025-10-19,12,1143,142
2025-10-19,13,4330,158
2025-10-19,14,5553,853
2025-10-19,15,5824,1069
2025-10-19,16,5307,1789
2025-10-19,17,3747,702
2025-10-19,18,1304,1566
2025-10-19,19,47,1308
2025-10-19,20,1,756
2025-10-19,21,1,533
2025-10-19,22,1,444
2025-10-19,23,1,3989
2025-10-20,0,1,2137
2025-10-20,1,1,360
2025-10-20,2,2,364
2025-10-20,3,1,342
2025-10-20,4,1,380
2025-10-20,5,1,489
2025-10-20,6,23,463
2025-10-20,7,206,327
2025-10-20,8,1183,1037
2025-10-20,9,2754,2555
2025-10-20,10,1901,1748
2025-10-20,11,901,785
2025-10-20,12,1272,1249
2025-10-20,13,1967,1427
2025-10-20,14,2729,356
2025-10-20,15,1856,428
2025-10-20,16,1067,384
2025-10-20,17,776,689
2025-10-20,18,465,887
2025-10-20,19,48,585
2025-10-20,20,1,411
2025-10-20,21,1,565
2025-10-20,22,1,437
2025-10-20,23,1,4022
2025-10-21,0,1,1217
2025-10-21,1,1,374
2025-10-21,2,2,365
2025-10-21,3,1,348
2025-10-21,4,1,404
2025-10-21,5,1,328
2025-10-21,6,1,363
2025-10-21,7,14,452
2025-10-21,8,43,711
2025-10-21,9,272,671
2025-10-21,10,232,304
2025-10-21,11,393,341
2025-10-21,12,522,469
2025-10-21,13,399,672
2025-10-21,14,731,600
2025-10-21,15,422,369
2025-10-21,16,578,512
2025-10-21,17,290,470
2025-10-21,18,120,3992
2025-10-21,19,172,4007
2025-10-21,20,1,3100
2025-10-21,21,1,394
2025-10-21,22,2,173
2025-10-21,23,1,146
2025-10-22,0,1,138
2025-10-22,1,1,1013
2025-10-22,2,1,168
2025-10-22,3,1,136
2025-10-22,4,1,149
2025-10-22,5,2,142
2025-10-22,6,49,148
2025-10-22,7,343,688
2025-10-22,8,688,901
2025-10-22,9,1101,1042
2025-10-22,10,1868,1739
2025-10-22,11,3722,3219
2025-10-22,12,4661,1580
2025-10-22,13,5845,1136
2025-10-22,14,3908,768
2025-10-22,15,3016,216
2025-10-22,16,2204,652
2025-10-22,17,1359,1227
2025-10-22,18,581,672
2025-10-22,19,85,813
2025-10-22,20,1,922
2025-10-22,21,1,511
2025-10-22,22,2,666
2025-10-22,23,1,4006
2025-10-23,0,1,1708
2025-10-23,1,1,443
2025-10-23,2,1,373
2025-10-23,3,1,351
2025-10-23,4,1,367
2025-10-23,5,1,371
2025-10-23,6,2,351
2025-10-23,7,52,478
2025-10-23,8,493,502
2025-10-23,9,2355,2182
2025-10-23,10,2238,2029
2025-10-23,11,1631,1432
2025-10-23,12,883,691
2025-10-23,13,1555,1366
2025-10-23,14,1345,1107
2025-10-23,15,288,428
2025-10-23,16,180,471
2025-10-23,17,80,1759
2025-10-23,18,62,633
2025-10-23,19,3,492
2025-10-23,20,1,466
2025-10-23,21,1,551
2025-10-23,22,1,285
2025-10-23,23,1,3719
2025-10-24,0,1,2370
2025-10-24,1,1,140
2025-10-24,2,2,148
2025-10-24,3,1,140
2025-10-24,4,1,139
2025-10-24,5,1,163
2025-10-24,6,38,132
2025-10-24,7,285,444
2025-10-24,8,1145,1048
2025-10-24,9,3183,2896
2025-10-24,10,3701,2965
2025-10-24,11,3607,622
2025-10-24,12,3759,196
2025-10-24,13,3911,185
2025-10-24,14,3878,204
2025-10-24,15,4031,720
2025-10-24,16,3641,628
2025-10-24,17,1884,1051
2025-10-24,18,1199,411
2025-10-24,19,119,922
2025-10-24,20,1,913
2025-10-24,21,1,659
2025-10-24,22,1,601
2025-10-24,23,1,4130
2025-10-25,0,1,1256
2025-10-25,1,1,362
2025-10-25,2,2,367
2025-10-25,3,1,365
2025-10-25,4,1,348
2025-10-25,5,1,401
2025-10-25,6,33,475
2025-10-25,7,261,458
2025-10-25,8,502,1024
2025-10-25,9,1378,1237
2025-10-25,10,2292,2207
2025-10-25,11,2762,2535
2025-10-25,12,2769,2616
2025-10-25,13,2895,2696
2025-10-25,14,3902,2820
2025-10-25,15,3554,727
2025-10-25,16,2943,236
2025-10-25,17,2684,356
2025-10-25,18,747,517
2025-10-25,19,187,486
2025-10-25,20,1,117
2025-10-25,21,1,125
2025-10-25,22,1,132
2025-10-25,23,1,1324
2025-10-26,0,1,110
2025-10-26,1,1,123
2025-10-26,2,2,110
2025-10-26,3,1,99
2025-10-26,4,1,118
2025-10-26,5,1,108
2025-10-26,6,23,114
2025-10-26,7,325,217
2025-10-26,8,1069,928
2025-10-26,9,2957,532
2025-10-26,10,3138,145
2025-10-26,11,3977,156
2025-10-26,12,4325,160
2025-10-26,13,4227,153
2025-10-26,14,5212,197
2025-10-26,15,4654,158
2025-10-26,16,4521,175
2025-10-26,17,3539,587
2025-10-26,18,1752,456
2025-10-26,19,51,129
2025-10-26,20,1,112
2025-10-26,21,1,122
2025-10-26,22,1,110
2025-10-26,23,1,113
2025-10-27,0,1,102
2025-10-27,1,1,913
2025-10-27,2,1,220
2025-10-27,3,2,127
2025-10-27,4,1,95
2025-10-27,5,1,117
2025-10-27,6,22,106
2025-10-27,7,194,120
2025-10-27,8,474,138
2025-10-27,9,1960,1002
2025-10-27,10,2380,140
2025-10-27,11,2415,136
2025-10-27,12,517,142
2025-10-27,13,952,132
2025-10-27,14,1198,160
2025-10-27,15,400,133
2025-10-27,16,169,138
2025-10-27,17,140,123
2025-10-27,18,81,133
2025-10-27,19,7,115
2025-10-27,20,1,113
2025-10-27,21,1,118
2025-10-27,22,1,109
2025-10-27,23,1,1162
2025-10-28,0,1,111
2025-10-28,1,1,120
2025-10-28,2,2,112
2025-10-28,3,1,121
2025-10-28,4,1,110
2025-10-28,5,1,120
2025-10-28,6,6,110
2025-10-28,7,547,461
2025-10-28,8,1183,1037
2025-10-28,9,1853,143
2025-10-28,10,1868,144
2025-10-28,11,2633,152
2025-10-28,12,2239,138
2025-10-28,13,1933,156
2025-10-28,14,2032,130
2025-10-28,15,2402,147
2025-10-28,16,4154,148
2025-10-28,17,3788,923
2025-10-28,18,1918,158
2025-10-28,19,175,134
2025-10-28,20,1,122
2025-10-28,21,1,88
2025-10-28,22,1,117
2025-10-28,23,1,89
2025-10-29,0,1,579
2025-10-29,1,1,402
2025-10-29,2,1,100
2025-10-29,3,1,97
2025-10-29,4,1,99
2025-10-29,5,1,94
2025-10-29,6,8,104
2025-10-29,7,298,107
2025-10-29,8,1019,612
2025-10-29,9,1577,652
2025-10-29,10,2444,124
2025-10-29,11,4240,636
2025-10-29,12,5965,811
2025-10-29,13,5888,252
2025-10-29,14,4657,610
2025-10-29,15,5528,278
2025-10-29,16,4867,643
2025-10-29,17,3501,1464
2025-10-29,18,1991,1950
2025-10-29,19,208,749
2025-10-29,20,1,614
2025-10-29,21,1,547
2025-10-29,22,1,719
2025-10-29,23,1,4207
2025-10-30,0,1,517
2025-10-30,1,1,370
2025-10-30,2,2,368
2025-10-30,3,1,567
2025-10-30,4,1,354
2025-10-30,5,1,362
2025-10-30,6,5,463
2025-10-30,7,177,504
2025-10-30,8,764,657
2025-10-30,9,918,783
2025-10-30,10,3064,2849
2025-10-30,11,4003,3225
2025-10-30,12,5266,956
2025-10-30,13,5551,231
2025-10-30,14,5211,219
2025-10-30,15,5086,200
2025-10-30,16,4846,1027
2025-10-30,17,3537,256
2025-10-30,18,2161,1212
2025-10-30,19,287,1209
2025-10-30,20,2,579
2025-10-30,21,1,635
2025-10-30,22,1,604
2025-10-30,23,1,4213
2025-10-31,0,1,1149
2025-10-31,1,1,371
2025-10-31,2,1,348
2025-10-31,3,1,381
2025-10-31,4,2,354
2025-10-31,5,1,391
2025-10-31,6,82,490
2025-10-31,7,459,530
2025-10-31,8,1145,1305
2025-10-31,9,2233,2035
2025-10-31,10,4419,3370
2025-10-31,11,5277,1478
2025-10-31,12,4996,330
2025-10-31,13,3890,993
2025-10-31,14,4183,1276
2025-10-31,15,4152,328
2025-10-31,16,2741,364
2025-10-31,17,1346,254
2025-10-31,18,732,442
2025-10-31,19,94,286
2025-10-31,20,1,522
2025-10-31,21,1,574
2025-10-31,22,2,653
2025-10-31,23,1,4183
2025-11-01,0,1,686
2025-11-01,1,1,447
2025-11-01,2,1,422
2025-11-01,3,2,353
2025-11-01,4,1,371
2025-11-01,5,1,345
2025-11-01,6,90,385
2025-11-01,7,358,528
2025-11-01,8,1495,1558
2025-11-01,9,3172,3205
2025-11-01,10,4729,3836
2025-11-01,11,5568,4176
2025-11-01,12,5245,661
2025-11-01,13,4869,261
2025-11-01,14,3583,1064
2025-11-01,15,2911,1793
2025-11-01,16,4736,1314
2025-11-01,17,3226,373
2025-11-01,18,1975,606
2025-11-01,19,201,669
2025-11-01,20,1,589
2025-11-01,21,1,532
2025-11-01,22,2,346
2025-11-01,23,1,3927
2025-11-02,0,1,1162
2025-11-02,1,1,131
2025-11-02,2,1,137
2025-11-02,3,1,129
2025-11-02,4,1,144
2025-11-02,5,1,121
2025-11-02,6,121,159
2025-11-02,7,573,454
2025-11-02,8,1116,1326
2025-11-02,9,2873,1276
2025-11-02,10,3806,2214
2025-11-02,11,3803,3594
2025-11-02,12,5336,1691
2025-11-02,13,4946,579
2025-11-02,14,4545,1031
2025-11-02,15,4711,460
2025-11-02,16,3540,1100
2025-11-02,17,3167,1879
2025-11-02,18,2071,2155
2025-11-02,19,260,690
2025-11-02,20,1,685
2025-11-02,21,2,517
2025-11-02,22,1,319
2025-11-02,23,1,3951
2025-11-03,0,1,1299
2025-11-03,1,1,136
2025-11-03,2,2,147
2025-11-03,3,1,151
2025-11-03,4,1,129
2025-11-03,5,1,138
2025-11-03,6,110,158
2025-11-03,7,433,460
2025-11-03,8,1374,1207
2025-11-03,9,2425,2198
2025-11-03,10,4079,3098
2025-11-03,11,5094,885
2025-11-03,12,5407,412
2025-11-03,13,5052,300
2025-11-03,14,5218,241
2025-11-03,15,5586,987
2025-11-03,16,4988,273
2025-11-03,17,3664,791
2025-11-03,18,1961,1553
2025-11-03,19,251,1182
2025-11-03,20,1,1266
2025-11-03,21,1,522
2025-11-03,22,1,382
2025-11-03,23,1,3929
2025-11-04,0,1,853
2025-11-04,1,1,148
2025-11-04,2,1,143
2025-11-04,3,2,130
2025-11-04,4,1,142
2025-11-04,5,1,233
2025-11-04,6,120,173
2025-11-04,7,463,537
2025-11-04,8,1073,935
2025-11-04,9,3375,3176
2025-11-04,10,4579,3132
2025-11-04,11,4727,331
2025-11-04,12,4430,326
2025-11-04,13,5151,219
2025-11-04,14,5547,911
2025-11-04,15,4995,644
2025-11-04,16,4899,233
2025-11-04,17,2892,538
2025-11-04,18,2184,1442
2025-11-04,19,237,716
2025-11-04,20,1,567
2025-11-04,21,1,554
2025-11-04,22,1,328
2025-11-04,23,2,2950
2025-11-05,0,1,268
2025-11-05,1,1,153
2025-11-05,2,1,247
2025-11-05,3,1,140
2025-11-05,4,2,148
2025-11-05,5,1,122
2025-11-05,6,81,155
2025-11-05,7,676,591
2025-11-05,8,1713,1412
2025-11-05,9,2306,2073
2025-11-05,10,3119,2631
2025-11-05,11,3584,2565
2025-11-05,12,4994,488
2025-11-05,13,4507,320
2025-11-05,14,4611,209
2025-11-05,15,5699,1557
2025-11-05,16,4947,319
2025-11-05,17,3499,851
2025-11-05,18,1980,1512
2025-11-05,19,246,1159
2025-11-05,20,1,874
2025-11-05,21,1,884
2025-11-05,22,1,752
2025-11-05,23,1,4024
2025-11-06,0,1,751
2025-11-06,1,1,149
2025-11-06,2,2,153
2025-11-06,3,1,154
2025-11-06,4,1,153
2025-11-06,5,1,137
2025-11-06,6,79,153
2025-11-06,7,527,511
2025-11-06,8,1346,1190
2025-11-06,9,1512,1816
2025-11-06,10,1661,1523
2025-11-06,11,2407,2142
2025-11-06,12,3939,871
2025-11-06,13,4186,228
2025-11-06,14,4777,232
2025-11-06,15,3455,236
2025-11-06,16,3107,215
2025-11-06,17,1088,1141
2025-11-06,18,772,1024
2025-11-06,19,174,790
2025-11-06,20,1,628
2025-11-06,21,1,527
2025-11-06,22,1,345
2025-11-06,23,1,3921
2025-11-07,0,2,1010
2025-11-07,1,1,146
2025-11-07,2,1,146
2025-11-07,3,2,146
2025-11-07,4,1,143
2025-11-07,5,1,152
2025-11-07,6,108,173
2025-11-07,7,814,926
2025-11-07,8,1154,1764
2025-11-07,9,2255,2086
2025-11-07,10,2907,2749
2025-11-07,11,3816,3395
2025-11-07,12,3954,1009
2025-11-07,13,3373,696
2025-11-07,14,2978,957
2025-11-07,15,3068,450
2025-11-07,16,2892,203
2025-11-07,17,3795,345
2025-11-07,18,1911,1718
2025-11-07,19,268,702
2025-11-07,20,2,162
2025-11-07,21,1,152
2025-11-07,22,1,146
2025-11-07,23,1,1082
2025-11-08,0,2,124
2025-11-08,1,1,121
2025-11-08,2,1,117
2025-11-08,3,1,113
2025-11-08,4,1,117
2025-11-08,5,2,119
2025-11-08,6,65,120
2025-11-08,7,355,238
2025-11-08,8,1415,1113
2025-11-08,9,3359,156
2025-11-08,10,4896,190
2025-11-08,11,5831,180
2025-11-08,12,5981,178
2025-11-08,13,5934,195
2025-11-08,14,5976,194
2025-11-08,15,5921,194
2025-11-08,16,5191,180
2025-11-08,17,3871,153
2025-11-08,18,2103,168
2025-11-08,19,278,146
2025-11-08,20,2,137
2025-11-08,21,1,135
2025-11-08,22,1,119
2025-11-08,23,1,1092
2025-11-09,0,1,122
2025-11-09,1,2,118
2025-11-09,2,1,105
2025-11-09,3,1,112
2025-11-09,4,1,121
2025-11-09,5,1,114
2025-11-09,6,126,139
2025-11-09,7,272,180
2025-11-09,8,1436,1158
2025-11-09,9,3350,192
2025-11-09,10,4860,207
2025-11-09,11,5568,197
2025-11-09,12,5811,199
2025-11-09,13,5815,209
2025-11-09,14,5724,235
2025-11-09,15,5699,243
2025-11-09,16,5086,227
2025-11-09,17,3806,1537
2025-11-09,18,1545,1734
2025-11-09,19,285,809
2025-11-09,20,3,517
2025-11-09,21,1,420
2025-11-09,22,1,221
2025-11-09,23,1,3910
2025-11-10,0,2,588
2025-11-10,1,1,153
2025-11-10,2,1,144
2025-11-10,3,1,137
2025-11-10,4,1,152
2025-11-10,5,2,211
2025-11-10,6,214,293
2025-11-10,7,847,758
2025-11-10,8,1384,1536
2025-11-10,9,2500,2343
2025-11-10,10,2157,2006
2025-11-10,11,1205,1013
2025-11-10,12,1158,969
2025-11-10,13,1642,414
2025-11-10,14,2421,237
2025-11-10,15,2782,206
2025-11-10,16,651,312
2025-11-10,17,986,1854
2025-11-10,18,715,1187
2025-11-10,19,157,540
2025-11-10,20,2,585
2025-11-10,21,1,418
2025-11-10,22,1,563
2025-11-10,23,1,3999
2025-11-11,0,1,158
2025-11-11,1,1,166
2025-11-11,2,2,165
2025-11-11,3,1,148
2025-11-11,4,1,147
2025-11-11,5,1,210
2025-11-11,6,92,287
2025-11-11,7,475,536
2025-11-11,8,670,522
2025-11-11,9,1206,1053
2025-11-11,10,1566,1712
2025-11-11,11,2490,2281
2025-11-11,12,3102,2315
2025-11-11,13,2359,188
2025-11-11,14,4359,283
2025-11-11,15,3250,335
2025-11-11,16,4077,384
2025-11-11,17,3666,617
2025-11-11,18,2079,788
2025-11-11,19,278,444
2025-11-11,20,3,542
2025-11-11,21,1,441
2025-11-11,22,1,182
2025-11-11,23,1,3118
2025-11-12,0,1,140
2025-11-12,1,1,139
2025-11-12,2,2,138
2025-11-12,3,1,145
2025-11-12,4,1,150
2025-11-12,5,1,210
2025-11-12,6,105,278
2025-11-12,7,583,572
2025-11-12,8,1553,1394
2025-11-12,9,3130,2964
2025-11-12,10,3405,3129
2025-11-12,11,4310,531
2025-11-12,12,4595,366
2025-11-12,13,5429,378
2025-11-12,14,4999,406
2025-11-12,15,2059,266
2025-11-12,16,1097,479
2025-11-12,17,666,1578
2025-11-12,18,179,875
2025-11-12,19,42,544
2025-11-12,20,1,469
2025-11-12,21,1,445
2025-11-12,22,1,161
2025-11-12,23,1,3754
2025-11-13,0,1,270
2025-11-13,1,2,149
2025-11-13,2,1,152
2025-11-13,3,1,155
2025-11-13,4,1,144
2025-11-13,5,1,213
2025-11-13,6,243,307
2025-11-13,7,737,639
2025-11-13,8,1402,1228
2025-11-13,9,1947,1776
2025-11-13,10,2500,2091
2025-11-13,11,4658,2519
2025-11-13,12,5023,307
2025-11-13,13,5224,263
2025-11-13,14,4128,225
2025-11-13,15,5114,296
2025-11-13,16,5232,409
2025-11-13,17,1318,1032
2025-11-13,18,497,1098
2025-11-13,19,413,820
2025-11-13,20,2,625
2025-11-13,21,1,451
2025-11-13,22,1,215
2025-11-13,23,1,3855
2025-11-14,0,2,206
2025-11-14,1,1,146
2025-11-14,2,1,148
2025-11-14,3,2,144
2025-11-14,4,1,140
2025-11-14,5,1,207
2025-11-14,6,36,278
2025-11-14,7,312,469
2025-11-14,8,1171,1645
2025-11-14,9,2016,1834
2025-11-14,10,2555,2287
2025-11-14,11,3508,2974
2025-11-14,12,3637,789
2025-11-14,13,3507,659
2025-11-14,14,4585,265
2025-11-14,15,3625,284
2025-11-14,16,4058,328
2025-11-14,17,3714,1922
2025-11-14,18,1317,865
2025-11-14,19,277,833
2025-11-14,20,3,557
2025-11-14,21,1,459
2025-11-14,22,1,224
2025-11-14,23,1,2699
2025-11-15,0,1,142
2025-11-15,1,1,142
2025-11-15,2,1,148
2025-11-15,3,2,136
2025-11-15,4,1,145
2025-11-15,5,1,210
2025-11-15,6,23,263
2025-11-15,7,117,447
2025-11-15,8,1468,1321
2025-11-15,9,3610,2181
2025-11-15,10,5070,4226
2025-11-15,11,5027,1944
2025-11-15,12,5852,796
2025-11-15,13,5125,511
2025-11-15,14,5073,892
2025-11-15,15,4635,2238
2025-11-15,16,4969,1548
2025-11-15,17,4110,1901
2025-11-15,18,2249,683
2025-11-15,19,362,730
2025-11-15,20,4,541
2025-11-15,21,1,454
2025-11-15,22,1,281
2025-11-15,23,1,3294
2025-11-16,0,1,154
2025-11-16,1,1,150
2025-11-16,2,2,135
2025-11-16,3,1,135
2025-11-16,4,1,140
2025-11-16,5,1,196
2025-11-16,6,97,281
2025-11-16,7,509,548
2025-11-16,8,1508,1359
2025-11-16,9,3472,3278
2025-11-16,10,4972,2204
2025-11-16,11,5672,950
2025-11-16,12,5778,647
2025-11-16,13,5872,294
2025-11-16,14,5542,1049
2025-11-16,15,5884,236
2025-11-16,16,5182,208
2025-11-16,17,3958,260
2025-11-16,18,2282,2245
2025-11-16,19,319,730
2025-11-16,20,5,542
2025-11-16,21,1,453
2025-11-16,22,1,190
2025-11-16,23,1,3315
2025-11-17,0,2,139
2025-11-17,1,1,124
2025-11-17,2,1,140
2025-11-17,3,1,148
2025-11-17,4,1,128
2025-11-17,5,2,205
2025-11-17,6,132,266
2025-11-17,7,483,539
2025-11-17,8,1438,1251
2025-11-17,9,3322,3083
2025-11-17,10,5106,3701
2025-11-17,11,5621,383
2025-11-17,12,5480,264
2025-11-17,13,5184,363
2025-11-17,14,5683,342
2025-11-17,15,5692,294
2025-11-17,16,5104,362
2025-11-17,17,3802,1810
2025-11-17,18,1664,1179
2025-11-17,19,262,836
2025-11-17,20,3,536
2025-11-17,21,1,527
2025-11-17,22,1,367
2025-11-17,23,1,3825
2025-11-18,0,1,255
2025-11-18,1,1,172
2025-11-18,2,2,153
2025-11-18,3,1,152
2025-11-18,4,1,154
2025-11-18,5,2,208
2025-11-18,6,163,286
2025-11-18,7,688,596
2025-11-18,8,1771,1618
2025-11-18,9,3193,3010
2025-11-18,10,4903,499
2025-11-18,11,4232,207
2025-11-18,12,3162,225
2025-11-18,13,3015,333
2025-11-18,14,5352,234
2025-11-18,15,4137,258
2025-11-18,16,2178,1270
2025-11-18,17,2095,1100
2025-11-18,18,1112,722
2025-11-18,19,228,771
2025-11-18,20,3,554
2025-11-18,21,1,486
2025-11-18,22,1,190
2025-11-18,23,1,3784
2025-11-19,0,1,443
2025-11-19,1,1,153
2025-11-19,2,1,138
2025-11-19,3,1,150
2025-11-19,4,2,172
2025-11-19,5,1,229
2025-11-19,6,37,285
2025-11-19,7,366,494
2025-11-19,8,1039,764
2025-11-19,9,1308,956
2025-11-19,10,2468,2119
2025-11-19,11,3643,2137
2025-11-19,12,2696,269
2025-11-19,13,1816,255
2025-11-19,14,1791,359
2025-11-19,15,1175,336
2025-11-19,16,1923,257
2025-11-19,17,1131,1020
2025-11-19,18,411,1508
2025-11-19,19,158,996
2025-11-19,20,-1,537
2025-11-19,21,1,437
2025-11-19,22,1,229
2025-11-19,23,1,3775
2025-11-20,0,2,1326
2025-11-20,1,1,156
2025-11-20,2,1,160
2025-11-20,3,1,174
2025-11-20,4,2,158
2025-11-20,5,-1,227
2025-11-20,6,150,408
2025-11-20,7,700,619
2025-11-20,8,1039,827
2025-11-20,9,1251,1334
2025-11-20,10,1362,1209
2025-11-20,11,1630,1400
2025-11-20,12,3150,2880
2025-11-20,13,3872,1051
2025-11-20,14,2886,644
2025-11-20,15,2815,258
2025-11-20,16,3929,270
2025-11-20,17,3943,402
2025-11-20,18,2123,1032
2025-11-20,19,331,633
2025-11-20,20,1,545
2025-11-20,21,1,261
2025-11-20,22,1,251
2025-11-20,23,1,3766
2025-11-21,0,1,475
2025-11-21,1,2,151
2025-11-21,2,1,150
2025-11-21,3,1,156
2025-11-21,4,1,158
2025-11-21,5,-1,153
2025-11-21,6,157,180
2025-11-21,7,711,517
2025-11-21,8,1527,1271
2025-11-21,9,3026,2749
2025-11-21,10,4840,547
2025-11-21,11,5254,401
2025-11-21,12,5938,269
2025-11-21,13,5668,278
2025-11-21,14,5758,960
2025-11-21,15,5870,948
2025-11-21,16,5466,1428
2025-11-21,17,4114,1642
2025-11-21,18,1662,1394
2025-11-21,19,334,606
2025-11-21,20,-4,634
2025-11-21,21,2,360
2025-11-21,22,1,175
2025-11-21,23,1,3824
2025-11-22,0,1,407
2025-11-22,1,1,152
2025-11-22,2,1,167
2025-11-22,3,2,155
2025-11-22,4,1,151
2025-11-22,5,-3,151
2025-11-22,6,126,165
2025-11-22,7,564,447
2025-11-22,8,1240,1016
2025-11-22,9,2437,2366
2025-11-22,10,4184,3680
2025-11-22,11,4620,3981
2025-11-22,12,5253,806
2025-11-22,13,5121,1242
2025-11-22,14,4566,1795
2025-11-22,15,5388,870
2025-11-22,16,5333,1669
2025-11-22,17,4127,1904
2025-11-22,18,2425,1989
2025-11-22,19,349,762
2025-11-22,20,-3,705
2025-11-22,21,1,682
2025-11-22,22,2,336
2025-11-22,23,1,3834
2025-11-23,0,1,1292
2025-11-23,1,1,162
2025-11-23,2,2,167
2025-11-23,3,1,180
2025-11-23,4,1,163
2025-11-23,5,-3,159
2025-11-23,6,214,225
2025-11-23,7,598,486
2025-11-23,8,643,1176
2025-11-23,9,1584,1708
2025-11-23,10,2178,1956
2025-11-23,11,3826,3223
2025-11-23,12,4379,1921
2025-11-23,13,5119,778
2025-11-23,14,6005,988
2025-11-23,15,6045,577
2025-11-23,16,5322,335
2025-11-23,17,4109,1077
2025-11-23,18,2429,615
2025-11-23,19,324,646
2025-11-23,20,-3,402
2025-11-23,21,2,402
2025-11-23,22,1,167
2025-11-23,23,1,2816
2025-11-24,0,1,166
2025-11-24,1,1,182
2025-11-24,2,1,153
2025-11-24,3,2,151
2025-11-24,4,1,156
2025-11-24,5,1,170
2025-11-24,6,291,202
2025-11-24,7,754,638
2025-11-24,8,1764,1594
2025-11-24,9,2966,2698
2025-11-24,10,3545,459
2025-11-24,11,2871,207
2025-11-24,12,3271,937
2025-11-24,13,2177,670
2025-11-24,14,5206,240
2025-11-24,15,4778,328
2025-11-24,16,5072,405
2025-11-24,17,3843,865
2025-11-24,18,2220,881
2025-11-24,19,457,403
2025-11-24,20,3,408
2025-11-24,21,1,361
2025-11-24,22,1,183
2025-11-24,23,2,3104
2025-11-25,0,1,168
2025-11-25,1,1,164
2025-11-25,2,1,163
2025-11-25,3,1,236
2025-11-25,4,2,227
2025-11-25,5,-4,172
2025-11-25,6,171,191
2025-11-25,7,505,423
2025-11-25,8,1955,1791
2025-11-25,9,2967,2675
2025-11-25,10,4421,1491
2025-11-25,11,4928,476
2025-11-25,12,5262,575
2025-11-25,13,4766,351
2025-11-25,14,1882,233
2025-11-25,15,2191,215
2025-11-25,16,2271,1091
2025-11-25,17,1523,1705
2025-11-25,18,1303,925
2025-11-25,19,404,324
2025-11-25,20,1,395
2025-11-25,21,1,383
2025-11-25,22,2,202
2025-11-25,23,1,2423
2025-11-26,0,1,182
2025-11-26,1,1,168
2025-11-26,2,2,286
2025-11-26,3,1,193
2025-11-26,4,1,174
2025-11-26,5,-1,174
2025-11-26,6,177,243
2025-11-26,7,643,617
2025-11-26,8,1799,1678
2025-11-26,9,3195,2912
2025-11-26,10,4760,1455
2025-11-26,11,3562,274
2025-11-26,12,4300,251
2025-11-26,13,4156,247
2025-11-26,14,2564,248
2025-11-26,15,1787,333
2025-11-26,16,1266,966
2025-11-26,17,1253,616
2025-11-26,18,363,598
2025-11-26,19,56,410
2025-11-26,20,-6,576
2025-11-26,21,1,1631
2025-11-26,22,1,519
2025-11-26,23,1,3486
2025-11-27,0,1,207
2025-11-27,1,2,297
2025-11-27,2,1,177
2025-11-27,3,1,192
2025-11-27,4,1,177
2025-11-27,5,0,193
2025-11-27,6,106,225
2025-11-27,7,371,527
2025-11-27,8,866,925
2025-11-27,9,1287,1085
2025-11-27,10,1723,1460
2025-11-27,11,1416,1119
2025-11-27,12,2995,1826
2025-11-27,13,2396,249
2025-11-27,14,965,193
2025-11-27,15,493,227
2025-11-27,16,209,278
2025-11-27,17,747,580
2025-11-27,18,845,911
2025-11-27,19,354,350
2025-11-27,20,15,442
2025-11-27,21,1,416
2025-11-27,22,2,207
2025-11-27,23,1,2940
2025-11-28,0,1,215
2025-11-28,1,1,190
2025-11-28,2,1,171
2025-11-28,3,2,189
2025-11-28,4,1,170
2025-11-28,5,-5,193
2025-11-28,6,-3,170
2025-11-28,7,190,473
2025-11-28,8,1428,1356
2025-11-28,9,2556,2361
2025-11-28,10,4767,3768
2025-11-28,11,5500,675
2025-11-28,12,5498,756
2025-11-28,13,5055,362
2025-11-28,14,5094,277
2025-11-28,15,5487,261
2025-11-28,16,3892,258
2025-11-28,17,3774,1241
2025-11-28,18,2893,656
2025-11-28,19,555,897
2025-11-28,20,8,787
2025-11-28,21,1,514
2025-11-28,22,2,247
2025-11-28,23,1,3109
2025-11-29,0,1,175
2025-11-29,1,1,179
2025-11-29,2,1,182
2025-11-29,3,2,169
2025-11-29,4,1,184
2025-11-29,5,-2,171
2025-11-29,6,225,212
2025-11-29,7,400,353
2025-11-29,8,1512,1351
2025-11-29,9,3326,1882
2025-11-29,10,5083,3550
2025-11-29,11,5200,901
2025-11-29,12,4941,366
2025-11-29,13,5797,269
2025-11-29,14,5849,228
2025-11-29,15,5696,245
2025-11-29,16,5430,279
2025-11-29,17,4370,1123
2025-11-29,18,2444,444
2025-11-29,19,529,725
2025-11-29,20,6,731
2025-11-29,21,1,426
2025-11-29,22,1,255
2025-11-29,23,1,3654
2025-11-30,0,1,163
2025-11-30,1,1,162
2025-11-30,2,1,166
2025-11-30,3,1,166
2025-11-30,4,1,164
2025-11-30,5,0,162
2025-11-30,6,159,180
2025-11-30,7,832,672
2025-11-30,8,1815,1712
2025-11-30,9,3074,2766
2025-11-30,10,4567,3730
2025-11-30,11,5763,2589
2025-11-30,12,5638,670
2025-11-30,13,5566,837
2025-11-30,14,4324,1538
2025-11-30,15,2054,1315
2025-11-30,16,418,799
2025-11-30,17,344,904
2025-11-30,18,262,1230
2025-11-30,19,432,1009
2025-11-30,20,-2,551
2025-11-30,21,1,473
2025-11-30,22,1,193
2025-11-30,23,1,3756
2025-12-01,0,2,1451
2025-12-01,1,1,182
2025-12-01,2,1,170
2025-12-01,3,1,184
2025-12-01,4,1,165
2025-12-01,5,-3,180
2025-12-01,6,93,189
2025-12-01,7,404,384
2025-12-01,8,1143,949
2025-12-01,9,1159,979
2025-12-01,10,2098,1944
2025-12-01,11,2490,2218
2025-12-01,12,2890,955
2025-12-01,13,3729,267
2025-12-01,14,3417,259
2025-12-01,15,2301,224
2025-12-01,16,2389,230
2025-12-01,17,1567,302
2025-12-01,18,1030,911
2025-12-01,19,403,780
2025-12-01,20,12,545
2025-12-01,21,1,564
2025-12-01,22,1,188
2025-12-01,23,1,3635
2025-12-02,0,1,166
2025-12-02,1,1,162
2025-12-02,2,1,168
2025-12-02,3,1,157
2025-12-02,4,2,155
2025-12-02,5,-2,159
2025-12-02,6,227,206
2025-12-02,7,746,622
2025-12-02,8,1336,1157
2025-12-02,9,3437,3231
2025-12-02,10,4240,1452
2025-12-02,11,4583,262
2025-12-02,12,5687,260
2025-12-02,13,5920,265
2025-12-02,14,5976,251
2025-12-02,15,5917,254
2025-12-02,16,5332,641
2025-12-02,17,4054,1425
2025-12-02,18,1923,428
2025-12-02,19,411,706
2025-12-02,20,5,845
2025-12-02,21,1,519
2025-12-02,22,2,208
2025-12-02,23,1,2977
2025-12-03,0,1,186
2025-12-03,1,1,168
2025-12-03,2,1,166
2025-12-03,3,1,257
2025-12-03,4,1,215
2025-12-03,5,2,162
2025-12-03,6,-2,164
2025-12-03,7,-13,540
2025-12-03,8,439,547
2025-12-03,9,1525,1256
2025-12-03,10,4807,3738
2025-12-03,11,2309,888
2025-12-03,12,727,216
2025-12-03,13,2904,237
2025-12-03,14,2936,239
2025-12-03,15,2233,227
2025-12-03,16,2089,989
2025-12-03,17,992,1003
2025-12-03,18,753,994
2025-12-03,19,91,1207
2025-12-03,20,-6,818
2025-12-03,21,1,655
2025-12-03,22,1,218
2025-12-03,23,1,3686
2025-12-04,0,1,167
2025-12-04,1,1,241
2025-12-04,2,1,204
2025-12-04,3,1,158
2025-12-04,4,2,166
2025-12-04,5,1,163
2025-12-04,6,35,162
2025-12-04,7,313,395
2025-12-04,8,1798,1652
2025-12-04,9,2543,2374
2025-12-04,10,2673,2452
2025-12-04,11,2690,2219
2025-12-04,12,2491,821
2025-12-04,13,3241,351
2025-12-04,14,5002,260
2025-12-04,15,5526,641
2025-12-04,16,5367,603
2025-12-04,17,4437,1991
2025-12-04,18,2725,790
2025-12-04,19,444,695
2025-12-04,20,16,485
2025-12-04,21,1,585
2025-12-04,22,1,286
2025-12-04,23,1,3041
2025-12-05,0,1,206
2025-12-05,1,2,165
2025-12-05,2,1,154
2025-12-05,3,1,163
2025-12-05,4,1,166
2025-12-05,5,-3,153
2025-12-05,6,243,206
2025-12-05,7,692,589
2025-12-05,8,1528,1497
2025-12-05,9,2497,2234
2025-12-05,10,4160,3026
2025-12-05,11,4166,234
2025-12-05,12,4350,210
2025-12-05,13,3191,255
2025-12-05,14,3371,254
2025-12-05,15,2563,557
2025-12-05,16,2888,506
2025-12-05,17,3056,189
2025-12-05,18,1822,1075
2025-12-05,19,159,175
2025-12-05,20,-5,142
2025-12-05,21,2,146
2025-12-05,22,1,136
2025-12-05,23,1,131
2025-12-06,0,1,155
2025-12-06,1,1,241
2025-12-06,2,2,153
2025-12-06,3,1,147
2025-12-06,4,1,139
2025-12-06,5,-1,133
2025-12-06,6,60,151
2025-12-06,7,200,164
2025-12-06,8,265,183
2025-12-06,9,430,301
2025-12-06,10,1432,1269
2025-12-06,11,2134,429
2025-12-06,12,2382,182
2025-12-06,13,4488,214
2025-12-06,14,5533,218
2025-12-06,15,4052,206
2025-12-06,16,2677,176
2025-12-06,17,1946,1581
2025-12-06,18,1221,1126
2025-12-06,19,434,982
2025-12-06,20,24,1614
2025-12-06,21,1,549
2025-12-06,22,1,345
2025-12-06,23,2,3782
2025-12-07,0,1,219
2025-12-07,1,1,164
2025-12-07,2,1,154
2025-12-07,3,2,165
2025-12-07,4,1,168
2025-12-07,5,-2,156
2025-12-07,6,198,181
2025-12-07,7,684,473
2025-12-07,8,1300,1219
2025-12-07,9,1533,1372
2025-12-07,10,3803,3250
2025-12-07,11,4966,3544
2025-12-07,12,5759,1297
2025-12-07,13,5945,928
2025-12-07,14,5918,271
2025-12-07,15,5890,1941
2025-12-07,16,5508,864
2025-12-07,17,4338,231
2025-12-07,18,2626,935
2025-12-07,19,445,319
2025-12-07,20,48,522
2025-12-07,21,1,547
2025-12-07,22,1,251
2025-12-07,23,2,3547
2025-12-08,0,1,208
2025-12-08,1,1,183
2025-12-08,2,1,171
2025-12-08,3,1,168
2025-12-08,4,1,169
2025-12-08,5,0,168
2025-12-08,6,198,197
2025-12-08,7,557,697
2025-12-08,8,1668,1475
2025-12-08,9,3619,3270
2025-12-08,10,4058,498
2025-12-08,11,5305,271
2025-12-08,12,4833,323
2025-12-08,13,3184,234
2025-12-08,14,2956,1081
2025-12-08,15,4395,289
2025-12-08,16,3492,239
2025-12-08,17,3595,527
2025-12-08,18,2037,310
2025-12-08,19,482,636
2025-12-08,20,48,842
2025-12-08,21,1,630
2025-12-08,22,2,304
2025-12-08,23,1,3283
2025-12-09,0,1,231
2025-12-09,1,1,252
2025-12-09,2,1,179
2025-12-09,3,1,171
2025-12-09,4,1,181
2025-12-09,5,-1,168
2025-12-09,6,276,222
2025-12-09,7,966,840
2025-12-09,8,1897,1684
2025-12-09,9,2966,2697
2025-12-09,10,4451,1058
2025-12-09,11,5580,288
2025-12-09,12,5755,279
2025-12-09,13,5921,260
2025-12-09,14,5919,259
2025-12-09,15,5916,251
2025-12-09,16,5271,262
2025-12-09,17,4147,623
2025-12-09,18,2616,989
2025-12-09,19,497,579
2025-12-09,20,27,528
2025-12-09,21,1,583
2025-12-09,22,2,204
2025-12-09,23,1,2825
2025-12-10,0,1,179
2025-12-10,1,1,192
2025-12-10,2,1,172
2025-12-10,3,1,186
2025-12-10,4,1,172
2025-12-10,5,-1,187
2025-12-10,6,211,208
2025-12-10,7,674,639
2025-12-10,8,1696,1677
2025-12-10,9,3262,3025
2025-12-10,10,4843,990
2025-12-10,11,5627,257
2025-12-10,12,5891,263
2025-12-10,13,5642,292
2025-12-10,14,5608,638
2025-12-10,15,5685,538
2025-12-10,16,5429,316
2025-12-10,17,4361,1083
2025-12-10,18,2429,370
2025-12-10,19,431,1246
2025-12-10,20,20,943
2025-12-10,21,1,598
2025-12-10,22,1,458
2025-12-10,23,1,2823
2025-12-11,0,2,204
2025-12-11,1,1,180
2025-12-11,2,1,193
2025-12-11,3,1,174
2025-12-11,4,1,167
2025-12-11,5,-2,197
2025-12-11,6,147,185
2025-12-11,7,414,397
2025-12-11,8,1623,1442
2025-12-11,9,3296,3082
2025-12-11,10,4937,413
2025-12-11,11,5810,338
2025-12-11,12,5922,262
2025-12-11,13,5892,259
2025-12-11,14,5695,273
2025-12-11,15,5945,247
2025-12-11,16,5378,263
2025-12-11,17,3877,1148
2025-12-11,18,2368,660
2025-12-11,19,584,583
2025-12-11,20,39,578
2025-12-11,21,1,615
2025-12-11,22,2,235
2025-12-11,23,1,3250
2025-12-12,0,1,195
2025-12-12,1,1,172
2025-12-12,2,1,190
2025-12-12,3,1,169
2025-12-12,4,1,171
2025-12-12,5,-3,193
2025-12-12,6,165,194
2025-12-12,7,464,688
2025-12-12,8,1450,1362
2025-12-12,9,3213,3009
2025-12-12,10,3767,929
2025-12-12,11,4439,239
2025-12-12,12,4483,256
2025-12-12,13,5836,708
2025-12-12,14,5882,270
2025-12-12,15,5854,298
2025-12-12,16,5802,313
2025-12-12,17,3749,1800
2025-12-12,18,3216,610
2025-12-12,19,620,343
2025-12-12,20,33,501
2025-12-12,21,1,449
2025-12-12,22,1,183
2025-12-12,23,1,1405
2025-12-13,0,1,163
2025-12-13,1,2,162
2025-12-13,2,1,158
2025-12-13,3,1,160
2025-12-13,4,1,162
2025-12-13,5,-2,163
2025-12-13,6,105,158
2025-12-13,7,387,337
2025-12-13,8,1599,1469
2025-12-13,9,3000,3059
2025-12-13,10,3491,2856
2025-12-13,11,4183,1765
2025-12-13,12,3555,761
2025-12-13,13,4248,293
2025-12-13,14,4357,587
2025-12-13,15,4685,444
2025-12-13,16,4468,1597
2025-12-13,17,3616,1035
2025-12-13,18,2872,889
2025-12-13,19,543,684
2025-12-13,20,28,654
2025-12-13,21,1,403
2025-12-13,22,1,184
2025-12-13,23,1,1493
2025-12-14,0,1,174
2025-12-14,1,1,170
2025-12-14,2,1,159
2025-12-14,3,2,158
2025-12-14,4,1,168
2025-12-14,5,-2,171
2025-12-14,6,110,172
2025-12-14,7,410,346
2025-12-14,8,1565,1380
2025-12-14,9,3220,2737
2025-12-14,10,4739,2600
2025-12-14,11,5793,233
2025-12-14,12,4546,199
2025-12-14,13,4849,210
2025-12-14,14,6058,215
2025-12-14,15,6082,217
2025-12-14,16,5309,224
2025-12-14,17,2753,988
2025-12-14,18,2177,297
2025-12-14,19,856,442
2025-12-14,20,73,515
2025-12-14,21,1,422
2025-12-14,22,1,173
2025-12-14,23,1,2940
2025-12-15,0,1,284
2025-12-15,1,1,213
2025-12-15,2,1,169
2025-12-15,3,2,189
2025-12-15,4,1,170
2025-12-15,5,-2,188
2025-12-15,6,132,191
2025-12-15,7,609,534
2025-12-15,8,1930,1769
2025-12-15,9,3405,2457
2025-12-15,10,4693,267
2025-12-15,11,5370,411
2025-12-15,12,4870,475
2025-12-15,13,5370,432
2025-12-15,14,5766,493
2025-12-15,15,5808,431
2025-12-15,16,5568,351
2025-12-15,17,3999,1374
2025-12-15,18,2493,479
2025-12-15,19,595,607
2025-12-15,20,10,674
2025-12-15,21,1,718
2025-12-15,22,1,410
2025-12-15,23,1,3927
2025-12-16,0,1,291
2025-12-16,1,1,246
2025-12-16,2,1,208
2025-12-16,3,1,208
2025-12-16,4,1,213
2025-12-16,5,-2,194
2025-12-16,6,46,256
2025-12-16,7,343,472
2025-12-16,8,1504,1276
2025-12-16,9,2910,2720
2025-12-16,10,2783,2579
2025-12-16,11,2679,1677
2025-12-16,12,1868,278
2025-12-16,13,1424,261
2025-12-16,14,886,228
2025-12-16,15,1616,255
2025-12-16,16,1529,236
2025-12-16,17,647,1050
2025-12-16,18,503,458
2025-12-16,19,449,276
2025-12-16,20,68,209
2025-12-16,21,2,557
2025-12-16,22,1,212
2025-12-16,23,1,1260
2025-12-17,0,1,148
2025-12-17,1,1,152
2025-12-17,2,1,150
2025-12-17,3,1,156
2025-12-17,4,1,155
2025-12-17,5,-4,148
2025-12-17,6,59,156
2025-12-17,7,313,268
2025-12-17,8,1526,1415
2025-12-17,9,2790,2616
2025-12-17,10,4308,2126
2025-12-17,11,2312,321
2025-12-17,12,2228,205
2025-12-17,13,4147,205
2025-12-17,14,4038,318
2025-12-17,15,2003,222
2025-12-17,16,1967,620
2025-12-17,17,4475,1227
2025-12-17,18,2984,730
2025-12-17,19,646,739
2025-12-17,20,17,537
2025-12-17,21,1,468
2025-12-17,22,2,167
2025-12-17,23,1,3029
2025-12-18,0,1,159
2025-12-18,1,1,151
2025-12-18,2,1,163
2025-12-18,3,1,149
2025-12-18,4,2,147
2025-12-18,5,-3,165
2025-12-18,6,286,236
2025-12-18,7,575,458
2025-12-18,8,1393,1251
2025-12-18,9,2861,2641
2025-12-18,10,4131,3523
2025-12-18,11,4248,860
2025-12-18,12,2663,234
2025-12-18,13,5198,208
2025-12-18,14,4540,245
2025-12-18,15,4534,237
2025-12-18,16,3130,289
2025-12-18,17,2713,1186
2025-12-18,18,1169,662
2025-12-18,19,367,716
2025-12-18,20,17,603
2025-12-18,21,1,477
2025-12-18,22,1,173
2025-12-18,23,1,3631
2025-12-19,0,1,177
2025-12-19,1,2,175
2025-12-19,2,1,163
2025-12-19,3,1,160
2025-12-19,4,1,157
2025-12-19,5,-1,160
2025-12-19,6,77,180
2025-12-19,7,262,363
2025-12-19,8,188,273
2025-12-19,9,542,470
2025-12-19,10,1188,980
2025-12-19,11,3319,2844
2025-12-19,12,3857,1957
2025-12-19,13,3854,271
2025-12-19,14,3917,242
2025-12-19,15,3364,254
2025-12-19,16,1687,735
2025-12-19,17,741,476
2025-12-19,18,720,555
2025-12-19,19,151,879
2025-12-19,20,43,895
2025-12-19,21,1,597
2025-12-19,22,1,203
2025-12-19,23,1,3570
2025-12-20,0,2,171
2025-12-20,1,1,167
2025-12-20,2,1,159
2025-12-20,3,1,158
2025-12-20,4,2,161
2025-12-20,5,-2,156
2025-12-20,6,124,171
2025-12-20,7,266,294
2025-12-20,8,1336,1164
2025-12-20,9,1684,1513
2025-12-20,10,2754,2570
2025-12-20,11,4379,2785
2025-12-20,12,5192,297
2025-12-20,13,5440,946
2025-12-20,14,5691,651
2025-12-20,15,4442,316
2025-12-20,16,5605,336
2025-12-20,17,4534,1699
2025-12-20,18,2318,759
2025-12-20,19,918,798
2025-12-20,20,47,592
2025-12-20,21,1,585
2025-12-20,22,1,206
2025-12-20,23,2,2725
2025-12-21,0,1,182
2025-12-21,1,1,178
2025-12-21,2,1,169
2025-12-21,3,1,154
2025-12-21,4,1,171
2025-12-21,5,-2,172
2025-12-21,6,104,160
2025-12-21,7,570,495
2025-12-21,8,1735,1829
2025-12-21,9,2918,1253
2025-12-21,10,4649,2680
2025-12-21,11,3914,3546
2025-12-21,12,5014,2131
2025-12-21,13,5025,380
2025-12-21,14,4270,995
2025-12-21,15,5394,2054
2025-12-21,16,4181,750
2025-12-21,17,4260,1489
2025-12-21,18,2960,1324
2025-12-21,19,749,432
2025-12-21,20,42,477
2025-12-21,21,1,546
2025-12-21,22,1,243
2025-12-21,23,1,3864
2025-12-22,0,1,199
2025-12-22,1,1,172
2025-12-22,2,2,163
2025-12-22,3,1,166
2025-12-22,4,1,166
2025-12-22,5,-3,153
2025-12-22,6,211,227
2025-12-22,7,685,588
2025-12-22,8,1973,1815
2025-12-22,9,2934,2517
2025-12-22,10,3925,2147
2025-12-22,11,4025,266
2025-12-22,12,5091,272
2025-12-22,13,5118,1120
2025-12-22,14,5461,635
2025-12-22,15,5194,345
2025-12-22,16,4134,730
2025-12-22,17,2055,1207
2025-12-22,18,1093,329
2025-12-22,19,148,463
2025-12-22,20,2,532
2025-12-22,21,2,566
2025-12-22,22,1,209
2025-12-22,23,1,3726
2025-12-23,0,1,202
2025-12-23,1,1,177
2025-12-23,2,1,169
2025-12-23,3,2,181
2025-12-23,4,1,189
2025-12-23,5,1,176
2025-12-23,6,81,183
2025-12-23,7,323,730
2025-12-23,8,678,751
2025-12-23,9,479,423
2025-12-23,10,543,761
2025-12-23,11,918,842
2025-12-23,12,1785,1888
2025-12-23,13,2789,2426
2025-12-23,14,5354,2246
2025-12-23,15,4703,245
2025-12-23,16,4843,871
2025-12-23,17,2598,1230
2025-12-23,18,1225,1339
2025-12-23,19,322,1083
2025-12-23,20,14,737
2025-12-23,21,1,526
2025-12-23,22,1,182
2025-12-23,23,1,3630
2025-12-24,0,2,189
2025-12-24,1,1,168
2025-12-24,2,1,167
2025-12-24,3,1,195
2025-12-24,4,1,162
2025-12-24,5,-1,164
2025-12-24,6,105,203
2025-12-24,7,336,217
2025-12-24,8,1174,1023
2025-12-24,9,3046,1749
2025-12-24,10,4648,3833
2025-12-24,11,5113,2687
2025-12-24,12,5758,400
2025-12-24,13,4968,549
2025-12-24,14,4663,232
2025-12-24,15,5340,342
2025-12-24,16,5823,337
2025-12-24,17,4712,1273
2025-12-24,18,2502,1241
2025-12-24,19,833,863
2025-12-24,20,90,689
2025-12-24,21,1,630
2025-12-24,22,2,369
2025-12-24,23,1,3260
2025-12-25,0,1,243
2025-12-25,1,1,235
2025-12-25,2,1,234
2025-12-25,3,2,245
2025-12-25,4,1,252
2025-12-25,5,-3,250
2025-12-25,6,143,252
2025-12-25,7,424,923
2025-12-25,8,1549,1450
2025-12-25,9,2308,2089
2025-12-25,10,3372,2830
2025-12-25,11,4122,990
2025-12-25,12,4851,268
2025-12-25,13,5011,286
2025-12-25,14,5419,275
2025-12-25,15,5781,362
2025-12-25,16,5672,283
2025-12-25,17,4611,253
2025-12-25,18,3054,236
2025-12-25,19,764,597
2025-12-25,20,47,546
2025-12-25,21,1,525
2025-12-25,22,1,274
2025-12-25,23,1,1046
2025-12-26,0,2,250
2025-12-26,1,1,242
2025-12-26,2,1,241
2025-12-26,3,1,232
2025-12-26,4,2,239
2025-12-26,5,0,245
2025-12-26,6,283,256
2025-12-26,7,915,544
2025-12-26,8,2439,1581
2025-12-26,9,2462,2293
2025-12-26,10,1221,1053
2025-12-26,11,1135,1139
2025-12-26,12,1997,2135
2025-12-26,13,809,1028
2025-12-26,14,1285,1307
2025-12-26,15,1548,1343
2025-12-26,16,536,554
2025-12-26,17,412,599
2025-12-26,18,247,640
2025-12-26,19,72,879
2025-12-26,20,4,902
2025-12-26,21,1,534
2025-12-26,22,2,261
2025-12-26,23,1,3912
2025-12-27,0,1,1397
2025-12-27,1,1,223
2025-12-27,2,2,227
2025-12-27,3,1,228
2025-12-27,4,1,227
2025-12-27,5,-1,219
2025-12-27,6,71,224
2025-12-27,7,470,416
2025-12-27,8,1496,1623
2025-12-27,9,2342,2213
2025-12-27,10,2442,2254
2025-12-27,11,3644,2954
2025-12-27,12,5278,1366
2025-12-27,13,4956,963
2025-12-27,14,3264,958
2025-12-27,15,1489,1117
2025-12-27,16,2385,468
2025-12-27,17,1325,208
2025-12-27,18,1073,198
2025-12-27,19,424,210
2025-12-27,20,58,141
2025-12-27,21,2,149
2025-12-27,22,1,147
2025-12-27,23,1,122
2025-12-28,0,1,135
2025-12-28,1,1,889
2025-12-28,2,2,124
2025-12-28,3,1,136
2025-12-28,4,1,122
2025-12-28,5,-3,139
2025-12-28,6,107,144
2025-12-28,7,444,152
2025-12-28,8,1450,168
2025-12-28,9,2674,196
2025-12-28,10,3659,220
2025-12-28,11,5230,200
2025-12-28,12,5874,226
2025-12-28,13,5485,225
2025-12-28,14,5632,1026
2025-12-28,15,6040,218
2025-12-28,16,5647,209
2025-12-28,17,4546,196
2025-12-28,18,1543,204
2025-12-28,19,1060,230
2025-12-28,20,147,181
2025-12-28,21,0,140
2025-12-28,22,2,163
2025-12-28,23,1,131
2025-12-29,0,1,1007
2025-12-29,1,1,137
2025-12-29,2,1,138
2025-12-29,3,1,128
2025-12-29,4,2,149
2025-12-29,5,-3,136
2025-12-29,6,96,141
2025-12-29,7,639,171
2025-12-29,8,1610,153
2025-12-29,9,3040,194
2025-12-29,10,3788,831
2025-12-29,11,3873,396
2025-12-29,12,2780,191
2025-12-29,13,2310,150
2025-12-29,14,1271,183
2025-12-29,15,625,166
2025-12-29,16,931,185
2025-12-29,17,926,169
2025-12-29,18,721,197
2025-12-29,19,508,180
2025-12-29,20,85,145
2025-12-29,21,1,137
2025-12-29,22,1,189
2025-12-29,23,2,1184
2025-12-30,0,1,129
2025-12-30,1,1,124
2025-12-30,2,1,132
2025-12-30,3,2,121
2025-12-30,4,1,130
2025-12-30,5,1,129
2025-12-30,6,123,152
2025-12-30,7,484,335
2025-12-30,8,1360,1083
2025-12-30,9,2952,246
2025-12-30,10,4202,321
2025-12-30,11,3320,210
2025-12-30,12,4405,204
2025-12-30,13,5941,186
2025-12-30,14,3525,173
2025-12-30,15,4750,200
2025-12-30,16,5197,178
2025-12-30,17,4314,185
2025-12-30,18,3197,186
2025-12-30,19,813,188
2025-12-30,20,56,140
2025-12-30,21,1,156
2025-12-30,22,2,133
2025-12-30,23,1,1123
2025-12-31,0,1,154
2025-12-31,1,1,120
2025-12-31,2,1,135
2025-12-31,3,2,136
2025-12-31,4,1,142
2025-12-31,5,-3,127
2025-12-31,6,127,155
2025-12-31,7,558,158
2025-12-31,8,1456,866
2025-12-31,9,2634,525
2025-12-31,10,3300,191
2025-12-31,11,3672,182
2025-12-31,12,2340,191
2025-12-31,13,3068,207
2025-12-31,14,4119,206
2025-12-31,15,2209,193
2025-12-31,16,1359,183
2025-12-31,17,2890,176
2025-12-31,18,764,214
2025-12-31,19,329,202
2025-12-31,20,172,162
2025-12-31,21,2,160
2025-12-31,22,1,216
2025-12-31,23,1,1049
2026-01-01,0,1,153
2026-01-01,1,1,141
2026-01-01,2,2,155
2026-01-01,3,1,128
2026-01-01,4,1,137
2026-01-01,5,0,158
2026-01-01,6,179,159
2026-01-01,7,619,194
2026-01-01,8,1048,209
2026-01-01,9,3093,178
2026-01-01,10,4001,1041
2026-01-01,11,3946,199
2026-01-01,12,2819,196
2026-01-01,13,2991,207
2026-01-01,14,3415,198
2026-01-01,15,4043,205
2026-01-01,16,1771,204
2026-01-01,17,947,184
2026-01-01,18,593,172
2026-01-01,19,328,195
2026-01-01,20,51,165
2026-01-01,21,2,142
2026-01-01,22,1,161
2026-01-01,23,1,1178
2026-01-02,0,1,155
2026-01-02,1,2,141
2026-01-02,2,1,126
2026-01-02,3,1,148
2026-01-02,4,1,133
2026-01-02,5,1,148
2026-01-02,6,52,259
2026-01-02,7,368,155
2026-01-02,8,1124,415
2026-01-02,9,2250,924
2026-01-02,10,1233,203
2026-01-02,11,4622,222
2026-01-02,12,4540,238
2026-01-02,13,5153,247
2026-01-02,14,4879,251
2026-01-02,15,5276,226
2026-01-02,16,5267,248
2026-01-02,17,4330,252
2026-01-02,18,2922,249
2026-01-02,19,988,226
2026-01-02,20,156,164
2026-01-02,21,0,156
2026-01-02,22,2,157
2026-01-02,23,1,1080
2026-01-03,0,1,132
2026-01-03,1,1,158
2026-01-03,2,2,137
2026-01-03,3,1,143
2026-01-03,4,1,146
2026-01-03,5,-1,132
2026-01-03,6,89,148
2026-01-03,7,361,177
2026-01-03,8,581,235
2026-01-03,9,986,810
2026-01-03,10,1716,642
2026-01-03,11,2502,201
2026-01-03,12,3078,203
2026-01-03,13,4390,204
2026-01-03,14,1408,184
2026-01-03,15,2187,818
2026-01-03,16,1492,398
2026-01-03,17,1237,943
2026-01-03,18,889,849
2026-01-03,19,285,1060
2026-01-03,20,8,1059
2026-01-03,21,1,428
2026-01-03,22,2,219
2026-01-03,23,1,3634
2026-01-04,0,1,163
2026-01-04,1,1,151
2026-01-04,2,2,142
2026-01-04,3,1,167
2026-01-04,4,1,243
2026-01-04,5,-2,158
2026-01-04,6,95,189
2026-01-04,7,469,396
2026-01-04,8,1356,1599
2026-01-04,9,3170,1690
2026-01-04,10,4122,1198
2026-01-04,11,5743,3401
2026-01-04,12,5265,2332
2026-01-04,13,5383,922
2026-01-04,14,5761,1679
2026-01-04,15,5962,566
2026-01-04,16,5764,260
2026-01-04,17,4736,1261
2026-01-04,18,3218,1239
2026-01-04,19,904,1136
2026-01-04,20,40,323
2026-01-04,21,2,476
2026-01-04,22,1,203
2026-01-04,23,1,3291
2026-01-05,0,1,184
2026-01-05,1,1,163
2026-01-05,2,1,213
2026-01-05,3,1,223
2026-01-05,4,2,176
2026-01-05,5,-3,170
2026-01-05,6,90,180
2026-01-05,7,331,319
2026-01-05,8,1371,1195
2026-01-05,9,2865,2174
2026-01-05,10,4501,1878
2026-01-05,11,5461,2492
2026-01-05,12,5990,254
2026-01-05,13,5965,234
2026-01-05,14,5040,258
2026-01-05,15,5880,255
2026-01-05,16,5599,262
2026-01-05,17,3915,414
2026-01-05,18,1903,988
2026-01-05,19,965,829
2026-01-05,20,181,496
2026-01-05,21,1,405
2026-01-05,22,1,177
2026-01-05,23,1,2939
2026-01-06,0,2,181
2026-01-06,1,1,153
2026-01-06,2,1,151
2026-01-06,3,1,153
2026-01-06,4,1,155
2026-01-06,5,-3,243
2026-01-06,6,166,200
2026-01-06,7,776,602
2026-01-06,8,1645,1469
2026-01-06,9,2566,2364
2026-01-06,10,4011,3054
2026-01-06,11,5194,565
2026-01-06,12,5612,239
2026-01-06,13,5666,232
2026-01-06,14,5944,260
2026-01-06,15,6015,244
2026-01-06,16,5635,368
2026-01-06,17,4590,591
2026-01-06,18,2997,1177
2026-01-06,19,1055,1099
2026-01-06,20,119,358
2026-01-06,21,1,416
2026-01-06,22,1,252
2026-01-06,23,1,3502
2026-01-07,0,2,178
2026-01-07,1,1,169
2026-01-07,2,1,191
2026-01-07,3,1,168
2026-01-07,4,1,268
2026-01-07,5,1,203
2026-01-07,6,94,204
2026-01-07,7,550,469
2026-01-07,8,824,634
2026-01-07,9,1194,1016
2026-01-07,10,2661,2422
2026-01-07,11,3408,1419
2026-01-07,12,3853,795
2026-01-07,13,4764,277
2026-01-07,14,5550,257
2026-01-07,15,5556,235
2026-01-07,16,5689,265
2026-01-07,17,4838,395
2026-01-07,18,2160,983
2026-01-07,19,1083,1230
2026-01-07,20,73,440
2026-01-07,21,1,464
2026-01-07,22,1,193
2026-01-07,23,1,2564
2026-01-08,0,2,180
2026-01-08,1,1,191
2026-01-08,2,1,166
2026-01-08,3,1,213
2026-01-08,4,2,258
2026-01-08,5,0,177
2026-01-08,6,98,253
2026-01-08,7,353,352
2026-01-08,8,1326,1176
2026-01-08,9,1403,1260
2026-01-08,10,4282,3381
2026-01-08,11,5093,991
2026-01-08,12,5629,251
2026-01-08,13,5569,250
2026-01-08,14,5704,260
2026-01-08,15,4327,591
2026-01-08,16,5524,1134
2026-01-08,17,4614,348
2026-01-08,18,3141,2052
2026-01-08,19,774,1080
2026-01-08,20,64,592
2026-01-08,21,1,497
2026-01-08,22,2,319
2026-01-08,23,1,2908
2026-01-09,0,1,191
2026-01-09,1,1,198
2026-01-09,2,1,174
2026-01-09,3,2,194
2026-01-09,4,1,183
2026-01-09,5,-1,191
2026-01-09,6,173,215
2026-01-09,7,655,669
2026-01-09,8,734,919
2026-01-09,9,1598,1729
2026-01-09,10,2959,2590
2026-01-09,11,2953,2619
2026-01-09,12,2396,2192
2026-01-09,13,2278,624
2026-01-09,14,4617,819
2026-01-09,15,2271,441
2026-01-09,16,772,1347
2026-01-09,17,275,522
2026-01-09,18,139,561
2026-01-09,19,59,470
2026-01-09,20,2,175
2026-01-09,21,1,144
2026-01-09,22,2,156
2026-01-09,23,1,1879
2026-01-10,0,1,208
2026-01-10,1,1,165
2026-01-10,2,2,141
2026-01-10,3,1,150
2026-01-10,4,1,130
2026-01-10,5,1,152
2026-01-10,6,59,150
2026-01-10,7,604,416
2026-01-10,8,889,719
2026-01-10,9,724,558
2026-01-10,10,1908,446
2026-01-10,11,1268,188
2026-01-10,12,3220,168
2026-01-10,13,4840,198
2026-01-10,14,4363,208
2026-01-10,15,4079,201
2026-01-10,16,2260,179
2026-01-10,17,1698,193
2026-01-10,18,1812,191
2026-01-10,19,627,180
2026-01-10,20,70,144
2026-01-10,21,1,157
2026-01-10,22,2,139
2026-01-10,23,1,968
2026-01-11,0,1,128
2026-01-11,1,1,156
2026-01-11,2,1,134
2026-01-11,3,2,151
2026-01-11,4,1,126
2026-01-11,5,1,139
2026-01-11,6,10,155
2026-01-11,7,153,147
2026-01-11,8,1078,325
2026-01-11,9,2325,920
2026-01-11,10,2595,183
2026-01-11,11,5420,189
2026-01-11,12,5665,214
2026-01-11,13,5995,222
2026-01-11,14,6042,213
2026-01-11,15,6031,206
2026-01-11,16,5731,204
2026-01-11,17,4433,207
2026-01-11,18,3135,203
2026-01-11,19,988,189
2026-01-11,20,64,168
2026-01-11,21,1,153
2026-01-11,22,2,154
2026-01-11,23,1,1094
2026-01-12,0,1,159
2026-01-12,1,1,156
2026-01-12,2,1,138
2026-01-12,3,2,154
2026-01-12,4,1,150
2026-01-12,5,1,128
2026-01-12,6,44,164
2026-01-12,7,579,160
2026-01-12,8,1786,742
2026-01-12,9,2811,557
2026-01-12,10,2980,201
2026-01-12,11,3999,306
2026-01-12,12,3661,251
2026-01-12,13,4142,258
2026-01-12,14,4863,231
2026-01-12,15,5342,236
2026-01-12,16,5282,248
2026-01-12,17,3784,227
2026-01-12,18,3228,228
2026-01-12,19,1004,213
2026-01-12,20,64,167
2026-01-12,21,2,134
2026-01-12,22,1,157
2026-01-12,23,1,1096
2026-01-13,0,1,145
2026-01-13,1,1,139
2026-01-13,2,1,127
2026-01-13,3,1,126
2026-01-13,4,1,130
2026-01-13,5,1,133
2026-01-13,6,61,140
2026-01-13,7,320,140
2026-01-13,8,1254,1032
2026-01-13,9,2675,330
2026-01-13,10,4470,198
2026-01-13,11,5586,212
2026-01-13,12,5968,205
2026-01-13,13,5557,195
2026-01-13,14,5836,234
2026-01-13,15,5588,259
2026-01-13,16,4995,258
2026-01-13,17,3737,248
2026-01-13,18,2198,215
2026-01-13,19,261,177
2026-01-13,20,8,167
2026-01-13,21,1,138
2026-01-13,22,2,158
2026-01-13,23,1,1018
2026-01-14,0,1,130
2026-01-14,1,1,148
2026-01-14,2,1,133
2026-01-14,3,2,155
2026-01-14,4,1,133
2026-01-14,5,1,135
2026-01-14,6,73,147
2026-01-14,7,265,162
2026-01-14,8,437,158
2026-01-14,9,707,520
2026-01-14,10,3003,803
2026-01-14,11,2708,215
2026-01-14,12,4215,207
2026-01-14,13,4549,226
2026-01-14,14,2700,235
2026-01-14,15,1784,223
2026-01-14,16,1496,220
2026-01-14,17,1614,219
2026-01-14,18,962,226
2026-01-14,19,327,210
2026-01-14,20,28,165
2026-01-14,21,1,137
2026-01-14,22,1,148
2026-01-14,23,1,1094
2026-01-15,0,1,170
2026-01-15,1,2,147
2026-01-15,2,1,150
2026-01-15,3,1,123
2026-01-15,4,1,153
2026-01-15,5,2,134
2026-01-15,6,-3,132
2026-01-15,7,51,157
2026-01-15,8,481,207
2026-01-15,9,445,272
2026-01-15,10,1187,998
2026-01-15,11,856,634
2026-01-15,12,417,263
2026-01-15,13,733,388
2026-01-15,14,1031,184
2026-01-15,15,373,182
2026-01-15,16,735,162
2026-01-15,17,1603,201
2026-01-15,18,722,167
2026-01-15,19,154,163
2026-01-15,20,-5,147
2026-01-15,21,1,140
2026-01-15,22,1,126
2026-01-15,23,1,134
2026-01-16,0,1,142
2026-01-16,1,2,124
2026-01-16,2,1,136
2026-01-16,3,1,138
2026-01-16,4,1,123
2026-01-16,5,1,130
2026-01-16,6,-10,150
2026-01-16,7,237,158
2026-01-16,8,1140,974
2026-01-16,9,1852,711
2026-01-16,10,2933,182
2026-01-16,11,4513,220
2026-01-16,12,5049,211
2026-01-16,13,3634,201
2026-01-16,14,3167,198
2026-01-16,15,4466,177
2026-01-16,16,2773,187
2026-01-16,17,2683,192
2026-01-16,18,1236,194
2026-01-16,19,245,171
2026-01-16,20,6,167
2026-01-16,21,2,138
2026-01-16,22,1,167
2026-01-16,23,1,1011
2026-01-17,0,1,154
2026-01-17,1,1,133
2026-01-17,2,1,126
2026-01-17,3,1,135
2026-01-17,4,1,139
2026-01-17,5,2,131
2026-01-17,6,53,133
2026-01-17,7,528,189
2026-01-17,8,1186,920
2026-01-17,9,2250,557
2026-01-17,10,2529,211
2026-01-17,11,3811,196
2026-01-17,12,4602,213
2026-01-17,13,4978,220
2026-01-17,14,4644,208
2026-01-17,15,5216,186
2026-01-17,16,3619,200
2026-01-17,17,4345,212
2026-01-17,18,3189,249
2026-01-17,19,898,224
2026-01-17,20,62,149
2026-01-17,21,1,140
2026-01-17,22,1,159
2026-01-17,23,1,1098
2026-01-18,0,1,128
2026-01-18,1,2,121
2026-01-18,2,1,130
2026-01-18,3,1,114
2026-01-18,4,1,129
2026-01-18,5,1,110
2026-01-18,6,62,136
2026-01-18,7,473,154
2026-01-18,8,1323,1103
2026-01-18,9,2001,242
2026-01-18,10,3244,190
2026-01-18,11,3952,159
2026-01-18,12,4067,181
2026-01-18,13,3768,209
2026-01-18,14,4273,221
2026-01-18,15,3533,200
2026-01-18,16,4237,201
2026-01-18,17,4883,197
2026-01-18,18,3463,228
2026-01-18,19,747,195
2026-01-18,20,32,157
2026-01-18,21,1,126
2026-01-18,22,1,152
2026-01-18,23,2,1129
2026-01-19,0,1,134
2026-01-19,1,1,123
2026-01-19,2,1,126
2026-01-19,3,2,131
2026-01-19,4,1,117
2026-01-19,5,1,130
2026-01-19,6,75,140
2026-01-19,7,314,179
2026-01-19,8,1115,895
2026-01-19,9,2571,533
2026-01-19,10,3692,181
2026-01-19,11,3145,159
2026-01-19,12,5487,194
2026-01-19,13,5345,180
2026-01-19,14,4111,236
2026-01-19,15,5231,234
2026-01-19,16,5081,211
2026-01-19,17,4538,199
2026-01-19,18,2375,193
2026-01-19,19,829,198
2026-01-19,20,81,173
2026-01-19,21,1,123
2026-01-19,22,1,165
2026-01-19,23,1,1071
2026-01-20,0,2,118
2026-01-20,1,1,124
2026-01-20,2,1,127
2026-01-20,3,1,124
2026-01-20,4,2,142
2026-01-20,5,0,122
2026-01-20,6,106,148
2026-01-20,7,561,166
2026-01-20,8,1441,814
2026-01-20,9,1791,744
2026-01-20,10,2653,244
2026-01-20,11,3414,210
2026-01-20,12,3322,218
2026-01-20,13,2462,172
2026-01-20,14,2533,288
2026-01-20,15,2124,190
2026-01-20,16,2314,174
2026-01-20,17,2923,193
2026-01-20,18,1106,185
2026-01-20,19,443,195
2026-01-20,20,94,155
2026-01-20,21,2,120
2026-01-20,22,1,173
2026-01-20,23,1,1066
2026-01-21,0,1,123
2026-01-21,1,1,126
2026-01-21,2,2,125
2026-01-21,3,1,149
2026-01-21,4,1,113
2026-01-21,5,1,128
2026-01-21,6,30,126
2026-01-21,7,445,163
2026-01-21,8,1282,933
2026-01-21,9,1488,438
2026-01-21,10,1347,183
2026-01-21,11,1378,172
2026-01-21,12,1854,190
2026-01-21,13,2984,191
2026-01-21,14,2404,214
2026-01-21,15,1132,191
2026-01-21,16,660,186
2026-01-21,17,475,192
2026-01-21,18,332,158
2026-01-21,19,174,166
2026-01-21,20,49,129
2026-01-21,21,1,133
2026-01-21,22,1,154
2026-01-21,23,1,1150
2026-01-22,0,2,128
2026-01-22,1,1,123
2026-01-22,2,1,144
2026-01-22,3,2,119
2026-01-22,4,1,142
2026-01-22,5,1,127
2026-01-22,6,5,134
2026-01-22,7,206,178
2026-01-22,8,799,432
2026-01-22,9,1648,1140
2026-01-22,10,2993,196
2026-01-22,11,3124,226
2026-01-22,12,1905,190
2026-01-22,13,3205,203
2026-01-22,14,3376,218
2026-01-22,15,2766,225
2026-01-22,16,2169,245
2026-01-22,17,932,220
2026-01-22,18,684,161
2026-01-22,19,140,170
2026-01-22,20,13,983
2026-01-22,21,1,1340
2026-01-22,22,2,983
2026-01-22,23,1,1681
2026-01-23,0,1,275
2026-01-23,1,2,242
2026-01-23,2,1,239
2026-01-23,3,1,212
2026-01-23,4,2,229
2026-01-23,5,1,226
2026-01-23,6,18,221
2026-01-23,7,181,968
2026-01-23,8,889,861
2026-01-23,9,2022,1838
2026-01-23,10,3281,2647
2026-01-23,11,5649,4349
2026-01-23,12,5770,2177
2026-01-23,13,5924,641
2026-01-23,14,5760,915
2026-01-23,15,5280,1947
2026-01-23,16,3784,402
2026-01-23,17,1507,675
2026-01-23,18,1179,549
2026-01-23,19,431,395
2026-01-23,20,62,305
2026-01-23,21,1,409
2026-01-23,22,2,160
2026-01-23,23,1,3448
2026-01-24,0,1,160
2026-01-24,1,1,176
2026-01-24,2,2,149
2026-01-24,3,1,145
2026-01-24,4,1,159
2026-01-24,5,1,167
2026-01-24,6,47,154
2026-01-24,7,171,236
2026-01-24,8,678,527
2026-01-24,9,462,504
2026-01-24,10,1474,1271
2026-01-24,11,2229,1966
2026-01-24,12,4880,4015
2026-01-24,13,5106,296
2026-01-24,14,3581,250
2026-01-24,15,4622,977
2026-01-24,16,3443,680
2026-01-24,17,3126,321
2026-01-24,18,1820,1008
2026-01-24,19,715,866
2026-01-24,20,12,623
2026-01-24,21,1,393
2026-01-24,22,1,210
2026-01-24,23,2,3017
2026-01-25,0,1,164
2026-01-25,1,1,157
2026-01-25,2,1,166
2026-01-25,3,2,176
2026-01-25,4,1,171
2026-01-25,5,1,153
2026-01-25,6,9,174
2026-01-25,7,441,307
2026-01-25,8,696,553
2026-01-25,9,1145,989
2026-01-25,10,2602,2001
2026-01-25,11,2723,2559
2026-01-25,12,3606,3387
2026-01-25,13,5375,1558
2026-01-25,14,3935,629
2026-01-25,15,3254,1320
2026-01-25,16,2700,1343
2026-01-25,17,2062,449
2026-01-25,18,1412,1148
2026-01-25,19,257,730
2026-01-25,20,15,388
2026-01-25,21,1,412
2026-01-25,22,2,240
2026-01-25,23,1,3847
2026-01-26,0,1,345
2026-01-26,1,1,159
2026-01-26,2,1,170
2026-01-26,3,2,178
2026-01-26,4,1,170
2026-01-26,5,1,158
2026-01-26,6,29,161
2026-01-26,7,324,247
2026-01-26,8,1291,1141
2026-01-26,9,1489,1298
2026-01-26,10,2548,2234
2026-01-26,11,2101,1654
2026-01-26,12,2874,2456
2026-01-26,13,4479,763
2026-01-26,14,4793,531
2026-01-26,15,5386,912
2026-01-26,16,4113,953
2026-01-26,17,2736,1093
2026-01-26,18,2557,1613
2026-01-26,19,568,388
2026-01-26,20,39,336
2026-01-26,21,1,412
2026-01-26,22,1,530
2026-01-26,23,1,3067
2026-01-27,0,2,175
2026-01-27,1,1,193
2026-01-27,2,1,166
2026-01-27,3,1,161
2026-01-27,4,1,182
2026-01-27,5,1,161
2026-01-27,6,4,174
2026-01-27,7,283,318
2026-01-27,8,797,601
2026-01-27,9,1709,1533
2026-01-27,10,4027,3292
2026-01-27,11,2847,1934
2026-01-27,12,2386,561
2026-01-27,13,5016,506
2026-01-27,14,5296,271
2026-01-27,15,4305,269
2026-01-27,16,5744,257
2026-01-27,17,2293,1596
2026-01-27,18,2055,610
2026-01-27,19,863,715
2026-01-27,20,39,723
2026-01-27,21,1,471
2026-01-27,22,1,249
2026-01-27,23,1,2585
2026-01-28,0,2,175
2026-01-28,1,1,261
2026-01-28,2,1,200
2026-01-28,3,1,195
2026-01-28,4,1,182
2026-01-28,5,2,171
2026-01-28,6,32,178
2026-01-28,7,211,278
2026-01-28,8,829,662
2026-01-28,9,2295,2105
2026-01-28,10,4293,2815
2026-01-28,11,5429,638
2026-01-28,12,5992,276
2026-01-28,13,5145,279
2026-01-28,14,5124,281
2026-01-28,15,4466,275
2026-01-28,16,5549,1297
2026-01-28,17,4571,899
2026-01-28,18,3089,824
2026-01-28,19,1083,674
2026-01-28,20,31,700
2026-01-28,21,1,616
2026-01-28,22,2,308
2026-01-28,23,1,3814
2026-01-29,0,1,704
2026-01-29,1,1,172
2026-01-29,2,1,173
2026-01-29,3,1,191
2026-01-29,4,2,181
2026-01-29,5,1,164
2026-01-29,6,26,173
2026-01-29,7,362,378
2026-01-29,8,1268,1113
2026-01-29,9,2019,1845
2026-01-29,10,2913,2433
2026-01-29,11,4331,1376
2026-01-29,12,4387,207
2026-01-29,13,4959,223
2026-01-29,14,4596,192
2026-01-29,15,4282,225
2026-01-29,16,2785,571
2026-01-29,17,2970,600
2026-01-29,18,546,486
2026-01-29,19,446,424
2026-01-29,20,40,399
2026-01-29,21,1,459
2026-01-29,22,1,254
2026-01-29,23,1,3418
2026-01-30,0,2,192
2026-01-30,1,1,166
2026-01-30,2,1,181
2026-01-30,3,1,184
2026-01-30,4,2,175
2026-01-30,5,1,167
2026-01-30,6,22,173
2026-01-30,7,322,361
2026-01-30,8,835,966
2026-01-30,9,2491,2302
2026-01-30,10,3181,2731
2026-01-30,11,4705,1735
2026-01-30,12,5515,241
2026-01-30,13,4744,222
2026-01-30,14,5859,227
2026-01-30,15,6009,239
2026-01-30,16,5646,933
2026-01-30,17,4585,668
2026-01-30,18,3060,948
2026-01-30,19,691,873
2026-01-30,20,42,514
2026-01-30,21,1,430
2026-01-30,22,1,231
2026-01-30,23,1,2847
2026-01-31,0,1,194
2026-01-31,1,2,174
2026-01-31,2,1,173
2026-01-31,3,1,201
2026-01-31,4,1,173
2026-01-31,5,2,163
2026-01-31,6,-1,194
2026-01-31,7,362,428
2026-01-31,8,1223,1047
2026-01-31,9,2372,1095
2026-01-31,10,3899,3113
2026-01-31,11,4448,2213
2026-01-31,12,4860,2719
2026-01-31,13,4858,1879
2026-01-31,14,5514,1141
2026-01-31,15,6049,257
2026-01-31,16,5569,299
2026-01-31,17,4586,1089
2026-01-31,18,3147,1571
2026-01-31,19,1110,373
2026-01-31,20,32,336
2026-01-31,21,1,423
2026-01-31,22,1,263
2026-01-31,23,2,1115
2026-02-01,0,1,182
2026-02-01,1,1,190
2026-02-01,2,1,174
2026-02-01,3,1,192
2026-02-01,4,2,179
2026-02-01,5,1,167
2026-02-01,6,4,190
2026-02-01,7,258,568
2026-02-01,8,1052,1085
2026-02-01,9,1788,1588
2026-02-01,10,2391,2216
2026-02-01,11,3675,3464
2026-02-01,12,4691,2810
2026-02-01,13,5135,529
2026-02-01,14,5585,536
2026-02-01,15,5666,234
2026-02-01,16,5769,1065
2026-02-01,17,4645,1210
2026-02-01,18,3092,779
2026-02-01,19,1049,679
2026-02-01,20,33,354
2026-02-01,21,1,423
2026-02-01,22,1,193
2026-02-01,23,1,1188
2026-02-02,0,1,180
2026-02-02,1,2,203
2026-02-02,2,1,178
2026-02-02,3,1,174
2026-02-02,4,1,190
2026-02-02,5,2,169
2026-02-02,6,36,171
2026-02-02,7,419,459
2026-02-02,8,939,927
2026-02-02,9,1167,1106
2026-02-02,10,1818,1668
2026-02-02,11,2500,2342
2026-02-02,12,2234,498
2026-02-02,13,2693,213
2026-02-02,14,1390,207
2026-02-02,15,1122,226
2026-02-02,16,1067,219
2026-02-02,17,1516,816
2026-02-02,18,777,1043
2026-02-02,19,385,1088
2026-02-02,20,13,789
2026-02-02,21,2,424
2026-02-02,22,1,258
2026-02-02,23,1,3817
2026-02-03,0,1,179
2026-02-03,1,2,189
2026-02-03,2,1,173
2026-02-03,3,1,182
2026-02-03,4,1,173
2026-02-03,5,1,180
2026-02-03,6,24,183
2026-02-03,7,286,411
2026-02-03,8,880,738
2026-02-03,9,1687,1536
2026-02-03,10,998,852
2026-02-03,11,1067,928
2026-02-03,12,2185,1450
2026-02-03,13,1160,199
2026-02-03,14,3213,206
2026-02-03,15,3734,229
2026-02-03,16,1563,215
2026-02-03,17,1366,846
2026-02-03,18,1016,978
2026-02-03,19,201,695
2026-02-03,20,-11,409
2026-02-03,21,1,412
2026-02-03,22,2,193
2026-02-03,23,1,2193
2026-02-04,0,1,170
2026-02-04,1,1,179
2026-02-04,2,2,168
2026-02-04,3,1,168
2026-02-04,4,1,178
2026-02-04,5,1,169
2026-02-04,6,15,171
2026-02-04,7,357,399
2026-02-04,8,1239,1034
2026-02-04,9,2368,2131
2026-02-04,10,4139,2659
2026-02-04,11,4838,296
2026-02-04,12,5077,1054
2026-02-04,13,5492,395
2026-02-04,14,5664,387
2026-02-04,15,4660,446
2026-02-04,16,5142,1284
2026-02-04,17,2806,1240
2026-02-04,18,2554,1077
2026-02-04,19,1015,1104
2026-02-04,20,24,443
2026-02-04,21,1,534
2026-02-04,22,1,276
2026-02-04,23,2,3507
2026-02-05,0,1,168
2026-02-05,1,1,172
2026-02-05,2,1,165
2026-02-05,3,2,161
2026-02-05,4,1,173
2026-02-05,5,1,254
2026-02-05,6,9,217
2026-02-05,7,150,360
2026-02-05,8,777,699
2026-02-05,9,2203,2046
2026-02-05,10,4380,3823
2026-02-05,11,5557,498
2026-02-05,12,6100,198
2026-02-05,13,5968,236
2026-02-05,14,5833,253
2026-02-05,15,5728,735
2026-02-05,16,5468,302
2026-02-05,17,4489,782
2026-02-05,18,3061,1135
2026-02-05,19,1054,843
2026-02-05,20,14,457
2026-02-05,21,1,144
2026-02-05,22,1,159
2026-02-05,23,1,1030
2026-02-06,0,1,147
2026-02-06,1,1,144
2026-02-06,2,2,129
2026-02-06,3,1,243
2026-02-06,4,1,150
2026-02-06,5,1,143
2026-02-06,6,-4,131
2026-02-06,7,72,145
2026-02-06,8,739,583
2026-02-06,9,1253,911
2026-02-06,10,1519,152
2026-02-06,11,2316,173
2026-02-06,12,3572,171
2026-02-06,13,3861,223
2026-02-06,14,4732,225
2026-02-06,15,5509,200
2026-02-06,16,4804,214
2026-02-06,17,3664,205
2026-02-06,18,2181,179
2026-02-06,19,834,155
2026-02-06,20,9,167
2026-02-06,21,1,141
2026-02-06,22,1,135
2026-02-06,23,1,1002
2026-02-07,0,2,131
2026-02-07,1,1,143
2026-02-07,2,1,136
2026-02-07,3,2,140
2026-02-07,4,1,140
2026-02-07,5,1,127
2026-02-07,6,0,158
2026-02-07,7,5,134
2026-02-07,8,194,163
2026-02-07,9,1069,921
2026-02-07,10,2948,255
2026-02-07,11,3903,185
2026-02-07,12,4250,185
2026-02-07,13,3740,180
2026-02-07,14,4093,202
2026-02-07,15,2990,187
2026-02-07,16,994,718
2026-02-07,17,809,415
2026-02-07,18,517,535
2026-02-07,19,82,759
2026-02-07,20,-3,1022
2026-02-07,21,2,378
2026-02-07,22,1,219
2026-02-07,23,1,2503
2026-02-08,0,1,183
2026-02-08,1,2,157
2026-02-08,2,1,177
2026-02-08,3,1,176
2026-02-08,4,1,166
2026-02-08,5,2,169
2026-02-08,6,-1,165
2026-02-08,7,227,337
2026-02-08,8,888,837
2026-02-08,9,2049,1980
2026-02-08,10,3226,2654
2026-02-08,11,3491,1360
2026-02-08,12,4827,2033
2026-02-08,13,4880,1236
2026-02-08,14,4105,891
2026-02-08,15,2369,591
2026-02-08,16,5596,1775
2026-02-08,17,4624,1269
2026-02-08,18,2920,811
2026-02-08,19,962,712
2026-02-08,20,15,337
2026-02-08,21,1,406
2026-02-08,22,2,209
2026-02-08,23,1,2663
2026-02-09,0,1,190
2026-02-09,1,1,173
2026-02-09,2,1,171
2026-02-09,3,2,192
2026-02-09,4,1,180
2026-02-09,5,1,169
2026-02-09,6,7,177
2026-02-09,7,383,385
2026-02-09,8,897,713
2026-02-09,9,2124,1961
2026-02-09,10,3918,2118
2026-02-09,11,3806,221
2026-02-09,12,5183,237
2026-02-09,13,5481,232
2026-02-09,14,5400,235
2026-02-09,15,5010,219
2026-02-09,16,5546,252
2026-02-09,17,4479,680
2026-02-09,18,2954,1612
2026-02-09,19,1001,978
2026-02-09,20,11,422
2026-02-09,21,1,448
2026-02-09,22,2,246
2026-02-09,23,1,2596
2026-02-10,0,1,181
2026-02-10,1,1,191
2026-02-10,2,1,192
2026-02-10,3,1,168
2026-02-10,4,2,188
2026-02-10,5,1,168
2026-02-10,6,3,175
2026-02-10,7,161,356
2026-02-10,8,774,635
2026-02-10,9,2114,1956
2026-02-10,10,3765,2846
2026-02-10,11,4606,288
2026-02-10,12,5380,397
2026-02-10,13,5870,299
2026-02-10,14,5857,267
2026-02-10,15,5319,439
2026-02-10,16,4521,470
2026-02-10,17,3212,1610
2026-02-10,18,1724,659
2026-02-10,19,720,666
2026-02-10,20,26,359
2026-02-10,21,1,417
2026-02-10,22,1,244
2026-02-10,23,2,2762
2026-02-11,0,1,187
2026-02-11,1,1,184
2026-02-11,2,1,184
2026-02-11,3,1,174
2026-02-11,4,2,212
2026-02-11,5,1,181
2026-02-11,6,1,178
2026-02-11,7,311,384
2026-02-11,8,760,623
2026-02-11,9,2041,1888
2026-02-11,10,3324,3034
2026-02-11,11,3990,1366
2026-02-11,12,4037,228
2026-02-11,13,4260,223
2026-02-11,14,5688,241
2026-02-11,15,5948,846
2026-02-11,16,4903,722
2026-02-11,17,4305,1838
2026-02-11,18,2495,1436
2026-02-11,19,906,707
2026-02-11,20,12,477
2026-02-11,21,1,402
2026-02-11,22,2,252
2026-02-11,23,1,2143
2026-02-12,0,1,196
2026-02-12,1,1,175
2026-02-12,2,1,200
2026-02-12,3,1,178
2026-02-12,4,1,298
2026-02-12,5,1,194
2026-02-12,6,5,213
2026-02-12,7,325,402
2026-02-12,8,991,1027
2026-02-12,9,2112,1884
2026-02-12,10,3725,2230
2026-02-12,11,4807,250
2026-02-12,12,5471,234
2026-02-12,13,5897,248
2026-02-12,14,5630,245
2026-02-12,15,5884,223
2026-02-12,16,5273,255
2026-02-12,17,3190,566
2026-02-12,18,2628,1316
2026-02-12,19,885,812
2026-02-12,20,10,662
2026-02-12,21,1,576
2026-02-12,22,2,278
2026-02-12,23,1,2682
2026-02-13,0,1,232
2026-02-13,1,1,210
2026-02-13,2,1,177
2026-02-13,3,1,198
2026-02-13,4,2,187
2026-02-13,5,1,216
2026-02-13,6,-5,203
2026-02-13,7,222,382
2026-02-13,8,939,812
2026-02-13,9,1465,1299
2026-02-13,10,2900,2711
2026-02-13,11,3551,761
2026-02-13,12,4523,239
2026-02-13,13,4845,221
2026-02-13,14,5149,227
2026-02-13,15,940,626
2026-02-13,16,534,229
2026-02-13,17,229,389
2026-02-13,18,335,1044
2026-02-13,19,105,735
2026-02-13,20,-2,460
2026-02-13,21,1,458
2026-02-13,22,2,223
2026-02-13,23,1,3373
2026-02-14,0,1,190
2026-02-14,1,1,195
2026-02-14,2,2,201
2026-02-14,3,1,208
2026-02-14,4,1,187
2026-02-14,5,2,195
2026-02-14,6,-2,179
2026-02-14,7,7,437
2026-02-14,8,230,794
2026-02-14,9,692,820
2026-02-14,10,1105,967
2026-02-14,11,1703,1766
2026-02-14,12,2030,1871
2026-02-14,13,1526,1374
2026-02-14,14,1513,1364
2026-02-14,15,1801,1649
2026-02-14,16,1557,1112
2026-02-14,17,872,983
2026-02-14,18,265,1419
2026-02-14,19,35,1423
2026-02-14,20,-4,1204
2026-02-14,21,1,644
2026-02-14,22,1,249
2026-02-14,23,1,1448
2026-02-15,0,2,176
2026-02-15,1,1,154
2026-02-15,2,1,180
2026-02-15,3,1,158
2026-02-15,4,2,152
2026-02-15,5,1,175
2026-02-15,6,-1,162
2026-02-15,7,204,188
2026-02-15,8,653,524
2026-02-15,9,1186,1007
2026-02-15,10,1325,1533
2026-02-15,11,1354,1536
2026-02-15,12,984,2033
2026-02-15,13,1025,2501
2026-02-15,14,1287,1639
2026-02-15,15,1001,809
2026-02-15,16,670,1272
2026-02-15,17,645,2446
2026-02-15,18,386,1237
2026-02-15,19,7,423
2026-02-15,20,2,374
2026-02-15,21,1,399
2026-02-15,22,1,162
2026-02-15,23,1,3891
2026-02-16,0,1,3893
2026-02-16,1,1,1290
2026-02-16,2,2,149
2026-02-16,3,1,137
2026-02-16,4,1,149
2026-02-16,5,1,141
2026-02-16,6,1,147
2026-02-16,7,61,386
2026-02-16,8,468,744
2026-02-16,9,933,928
2026-02-16,10,1274,1051
2026-02-16,11,2926,2618
2026-02-16,12,4788,1450
2026-02-16,13,3157,220
2026-02-16,14,3571,258
2026-02-16,15,5254,274
2026-02-16,16,5644,310
2026-02-16,17,4595,767
2026-02-16,18,2732,1369
2026-02-16,19,269,663
2026-02-16,20,-4,454
2026-02-16,21,1,461
2026-02-16,22,1,186
2026-02-16,23,1,3681
2026-02-17,0,1,163
2026-02-17,1,2,166
2026-02-17,2,1,176
2026-02-17,3,1,167
2026-02-17,4,1,162
2026-02-17,5,2,162
2026-02-17,6,-1,169
2026-02-17,7,256,347
2026-02-17,8,906,809
2026-02-17,9,2154,1988
2026-02-17,10,3340,2805
2026-02-17,11,4440,759
2026-02-17,12,2476,206
2026-02-17,13,2647,216
2026-02-17,14,3589,214
2026-02-17,15,2262,352
2026-02-17,16,1341,289
2026-02-17,17,1373,886
2026-02-17,18,900,931
2026-02-17,19,135,586
2026-02-17,20,-1,503
2026-02-17,21,1,423
2026-02-17,22,2,195
2026-02-17,23,1,2428
2026-02-18,0,1,164
2026-02-18,1,1,173
2026-02-18,2,2,174
2026-02-18,3,1,169
2026-02-18,4,1,159
2026-02-18,5,2,177
2026-02-18,6,-2,171
2026-02-18,7,205,481
2026-02-18,8,641,547
2026-02-18,9,1506,1360
2026-02-18,10,2539,2144
2026-02-18,11,2824,2134
2026-02-18,12,4264,809
2026-02-18,13,4697,371
2026-02-18,14,5983,330
2026-02-18,15,4685,215
2026-02-18,16,5374,214
2026-02-18,17,3058,1748
2026-02-18,18,2601,2201
2026-02-18,19,441,333
2026-02-18,20,22,406
2026-02-18,21,1,429
2026-02-18,22,2,196
2026-02-18,23,1,3581
2026-02-19,0,1,192
2026-02-19,1,1,171
2026-02-19,2,2,168
2026-02-19,3,1,186
2026-02-19,4,1,174
2026-02-19,5,1,161
2026-02-19,6,-1,160
2026-02-19,7,119,617
2026-02-19,8,583,689
2026-02-19,9,1355,1289
2026-02-19,10,1395,1246
2026-02-19,11,2064,1811
2026-02-19,12,4568,437
2026-02-19,13,5306,238
2026-02-19,14,1326,173
2026-02-19,15,557,382
2026-02-19,16,557,393
2026-02-19,17,435,1405
2026-02-19,18,142,1911
2026-02-19,19,4,1172
2026-02-19,20,1,931
2026-02-19,21,1,441
2026-02-19,22,1,240
2026-02-19,23,1,3576
2026-02-20,0,2,171
2026-02-20,1,1,171
2026-02-20,2,1,184
2026-02-20,3,1,172
2026-02-20,4,2,159
2026-02-20,5,1,168
2026-02-20,6,3,198
2026-02-20,7,122,321
2026-02-20,8,625,579
2026-02-20,9,1751,1540
2026-02-20,10,3438,2889
2026-02-20,11,4805,2702
2026-02-20,12,4833,257
2026-02-20,13,3826,238
2026-02-20,14,4722,242
2026-02-20,15,5123,360
2026-02-20,16,5427,628
2026-02-20,17,4533,261
2026-02-20,18,2789,1331
2026-02-20,19,730,967
2026-02-20,20,1,479
2026-02-20,21,1,396
2026-02-20,22,2,271
2026-02-20,23,1,3297
2026-02-21,0,1,152
2026-02-21,1,1,166
2026-02-21,2,2,161
2026-02-21,3,1,145
2026-02-21,4,1,157
2026-02-21,5,1,150
2026-02-21,6,-1,165
2026-02-21,7,117,352
2026-02-21,8,580,422
2026-02-21,9,1813,1639
2026-02-21,10,3502,3144
2026-02-21,11,4994,1818
2026-02-21,12,5557,2367
2026-02-21,13,5957,301
2026-02-21,14,5777,231
2026-02-21,15,5892,583
2026-02-21,16,5586,221
2026-02-21,17,4089,963
2026-02-21,18,2341,182
2026-02-21,19,698,343
2026-02-21,20,-3,327
2026-02-21,21,1,442
2026-02-21,22,1,216
2026-02-21,23,1,2466
2026-02-22,0,2,179
2026-02-22,1,1,164
2026-02-22,2,1,147
2026-02-22,3,2,161
2026-02-22,4,1,152
2026-02-22,5,1,164
2026-02-22,6,1,152
2026-02-22,7,29,334
2026-02-22,8,343,1184
2026-02-22,9,324,648
2026-02-22,10,928,944
2026-02-22,11,1581,1636
2026-02-22,12,2925,2704
2026-02-22,13,2532,2433
2026-02-22,14,3752,1265
2026-02-22,15,3326,954
2026-02-22,16,3302,466
2026-02-22,17,3224,323
2026-02-22,18,1561,212
2026-02-22,19,430,732
2026-02-22,20,-1,727
2026-02-22,21,1,398
2026-02-22,22,2,168
2026-02-22,23,1,3469
2026-02-23,0,1,156
2026-02-23,1,1,145
2026-02-23,2,2,156
2026-02-23,3,1,167
2026-02-23,4,1,141
2026-02-23,5,1,146
2026-02-23,6,-2,149
2026-02-23,7,126,356
2026-02-23,8,546,504
2026-02-23,9,1753,1602
2026-02-23,10,4037,3716
2026-02-23,11,5173,211
2026-02-23,12,4975,211
2026-02-23,13,6049,213
2026-02-23,14,5978,230
2026-02-23,15,5646,408
2026-02-23,16,5458,1390
2026-02-23,17,4408,703
2026-02-23,18,2615,635
2026-02-23,19,404,326
2026-02-23,20,-2,414
2026-02-23,21,1,484
2026-02-23,22,2,324
2026-02-23,23,1,2879
2026-02-24,0,1,178
2026-02-24,1,1,175
2026-02-24,2,1,163
2026-02-24,3,2,155
2026-02-24,4,1,173
2026-02-24,5,1,159
2026-02-24,6,1,159
2026-02-24,7,101,412
2026-02-24,8,962,874
2026-02-24,9,1686,1539
2026-02-24,10,3142,2724
2026-02-24,11,3881,1541
2026-02-24,12,3254,229
2026-02-24,13,2812,226
2026-02-24,14,2530,239
2026-02-24,15,2931,259
2026-02-24,16,3612,443
2026-02-24,17,3601,3150
2026-02-24,18,1482,1619
2026-02-24,19,595,762
2026-02-24,20,-3,587
2026-02-24,21,1,413
2026-02-24,22,1,190
2026-02-24,23,1,1660
2026-02-25,0,1,183
2026-02-25,1,2,171
2026-02-25,2,1,167
2026-02-25,3,1,167
2026-02-25,4,1,167
2026-02-25,5,2,166
2026-02-25,6,-2,168
2026-02-25,7,91,271
2026-02-25,8,451,764
2026-02-25,9,1650,1472
2026-02-25,10,4020,2215
2026-02-25,11,5272,266
2026-02-25,12,5900,246
2026-02-25,13,5876,251
2026-02-25,14,5909,256
2026-02-25,15,5859,243
2026-02-25,16,5197,231
2026-02-25,17,4131,2140
2026-02-25,18,2185,1125
2026-02-25,19,571,444
2026-02-25,20,-1,427
2026-02-25,21,1,437
2026-02-25,22,1,205
2026-02-25,23,2,3845
2026-02-26,0,1,330
2026-02-26,1,1,191
2026-02-26,2,1,189
2026-02-26,3,2,164
2026-02-26,4,1,189
2026-02-26,5,1,188
2026-02-26,6,1,175
2026-02-26,7,186,667
2026-02-26,8,1054,1042
2026-02-26,9,1920,1800
2026-02-26,10,3329,3044
2026-02-26,11,1752,331
2026-02-26,12,1725,219
2026-02-26,13,1928,220
2026-02-26,14,3007,216
2026-02-26,15,4447,237
2026-02-26,16,1229,207
2026-02-26,17,555,312
2026-02-26,18,288,2039
2026-02-26,19,78,998
2026-02-26,20,1,675
2026-02-26,21,1,457
2026-02-26,22,2,217
2026-02-26,23,1,3824
2026-02-27,0,1,905
2026-02-27,1,1,239
2026-02-27,2,2,223
2026-02-27,3,1,158
2026-02-27,4,1,189
2026-02-27,5,1,152
2026-02-27,6,1,173
2026-02-27,7,99,422
2026-02-27,8,735,696
2026-02-27,9,1631,1486
2026-02-27,10,1991,1823
2026-02-27,11,1586,1733
2026-02-27,12,1939,1767
2026-02-27,13,1782,306
2026-02-27,14,1374,829
2026-02-27,15,1463,841
2026-02-27,16,1356,826
2026-02-27,17,1082,1191
2026-02-27,18,1091,1295
2026-02-27,19,171,629
2026-02-27,20,-1,273
2026-02-27,21,2,187
2026-02-27,22,1,163
2026-02-27,23,1,1440
2026-02-28,0,1,152
2026-02-28,1,2,165
2026-02-28,2,1,140
2026-02-28,3,1,160
2026-02-28,4,1,129
2026-02-28,5,2,145
2026-02-28,6,-1,137
2026-02-28,7,74,167
2026-02-28,8,409,248
2026-02-28,9,1570,1301
2026-02-28,10,4019,263
2026-02-28,11,5328,221
2026-02-28,12,5854,266
2026-02-28,13,5867,254
2026-02-28,14,5881,264
2026-02-28,15,5966,243
2026-02-28,16,5501,251
2026-02-28,17,4277,198
2026-02-28,18,2580,240
2026-02-28,19,470,338
2026-02-28,20,-1,347
2026-02-28,21,1,402
2026-02-28,22,1,253
2026-02-28,23,1,2927
2026-03-01,0,1,151
2026-03-01,1,2,150
2026-03-01,2,1,162
2026-03-01,3,1,152
2026-03-01,4,1,142
2026-03-01,5,1,154
2026-03-01,6,1,137
2026-03-01,7,141,176
2026-03-01,8,636,575
2026-03-01,9,1522,1626
2026-03-01,10,3778,634
2026-03-01,11,5285,3327
2026-03-01,12,3437,1935
2026-03-01,13,4863,2746
2026-03-01,14,5152,1610
2026-03-01,15,4409,2294
2026-03-01,16,2455,1334
2026-03-01,17,3230,2746
2026-03-01,18,2505,1024
2026-03-01,19,359,649
2026-03-01,20,-2,573
2026-03-01,21,2,443
2026-03-01,22,1,221
2026-03-01,23,1,3729
2026-03-02,0,1,589
2026-03-02,1,1,168
2026-03-02,2,1,163
2026-03-02,3,2,153
2026-03-02,4,1,164
2026-03-02,5,1,215
2026-03-02,6,1,235
2026-03-02,7,109,451
2026-03-02,8,576,943
2026-03-02,9,1265,1056
2026-03-02,10,1956,1643
2026-03-02,11,3172,2537
2026-03-02,12,4077,1062
2026-03-02,13,3702,230
2026-03-02,14,3715,227
2026-03-02,15,2632,201
2026-03-02,16,3188,205
2026-03-02,17,3733,3173
2026-03-02,18,1682,914
2026-03-02,19,284,584
2026-03-02,20,-1,384
2026-03-02,21,1,396
2026-03-02,22,1,205
2026-03-02,23,1,3835
2026-03-03,0,1,374
2026-03-03,1,2,143
2026-03-03,2,1,152
2026-03-03,3,1,251
2026-03-03,4,1,160
2026-03-03,5,1,156
2026-03-03,6,0,137
2026-03-03,7,173,250
2026-03-03,8,382,337
2026-03-03,9,1323,1176
2026-03-03,10,2325,1982
2026-03-03,11,1509,220
2026-03-03,12,2777,220
2026-03-03,13,3657,260
2026-03-03,14,4957,266
2026-03-03,15,3781,620
2026-03-03,16,2787,619
2026-03-03,17,1585,344
2026-03-03,18,510,442
2026-03-03,19,247,548
2026-03-03,20,1,520
2026-03-03,21,1,387
2026-03-03,22,1,231
2026-03-03,23,1,3804
2026-03-04,0,1,539
2026-03-04,1,1,165
2026-03-04,2,1,150
2026-03-04,3,2,154
2026-03-04,4,1,144
2026-03-04,5,1,162
2026-03-04,6,1,143
2026-03-04,7,68,461
2026-03-04,8,575,830
2026-03-04,9,1324,1212
2026-03-04,10,3492,3050
2026-03-04,11,3621,1747
2026-03-04,12,3406,211
2026-03-04,13,3029,218
2026-03-04,14,2782,221
2026-03-04,15,2714,216
2026-03-04,16,2592,248
2026-03-04,17,4190,2158
2026-03-04,18,2111,554
2026-03-04,19,320,675
2026-03-04,20,1,683
2026-03-04,21,1,423
2026-03-04,22,1,243
2026-03-04,23,1,3817
2026-03-05,0,1,447
2026-03-05,1,2,155
2026-03-05,2,1,141
2026-03-05,3,1,161
2026-03-05,4,1,157
2026-03-05,5,1,136
2026-03-05,6,1,156
2026-03-05,7,114,402
2026-03-05,8,501,974
2026-03-05,9,1155,1005
2026-03-05,10,2207,2022
2026-03-05,11,1890,1730
2026-03-05,12,2488,1315
2026-03-05,13,4093,172
2026-03-05,14,4425,206
2026-03-05,15,4158,207
2026-03-05,16,4259,408
2026-03-05,17,3785,824
2026-03-05,18,1831,2200
2026-03-05,19,290,823
2026-03-05,20,1,745
2026-03-05,21,1,411
2026-03-05,22,1,232
2026-03-05,23,1,3742
2026-03-06,0,1,161
2026-03-06,1,1,160
2026-03-06,2,2,157
2026-03-06,3,1,197
2026-03-06,4,1,156
2026-03-06,5,1,165
2026-03-06,6,1,149
2026-03-06,7,104,389
2026-03-06,8,398,401
2026-03-06,9,981,857
2026-03-06,10,2032,1838
2026-03-06,11,2045,1877
2026-03-06,12,3083,2842
2026-03-06,13,2710,467
2026-03-06,14,4190,214
2026-03-06,15,5610,710
2026-03-06,16,5358,374
2026-03-06,17,4104,535
2026-03-06,18,2315,466
2026-03-06,19,244,305
2026-03-06,20,1,437
2026-03-06,21,1,387
2026-03-06,22,1,227
2026-03-06,23,1,3564
2026-03-07,0,2,151
2026-03-07,1,1,148
2026-03-07,2,1,150
2026-03-07,3,1,147
2026-03-07,4,2,154
2026-03-07,5,1,156
2026-03-07,6,1,155
2026-03-07,7,15,160
2026-03-07,8,292,340
2026-03-07,9,763,460
2026-03-07,10,1483,1208
2026-03-07,11,2067,2015
2026-03-07,12,2450,2604
2026-03-07,13,2487,2220
2026-03-07,14,1749,1545
2026-03-07,15,1952,1658
2026-03-07,16,1906,1693
2026-03-07,17,1826,1466
2026-03-07,18,817,579
2026-03-07,19,74,189
2026-03-07,20,1,282
2026-03-07,21,1,454
2026-03-07,22,2,292
2026-03-07,23,1,977
2026-03-08,0,1,141
2026-03-08,1,2,169
2026-03-08,2,1,147
2026-03-08,3,1,169
2026-03-08,4,2,144
2026-03-08,5,1,149
2026-03-08,6,1,172
2026-03-08,7,25,432
2026-03-08,8,221,1152
2026-03-08,9,784,1113
2026-03-08,10,1540,1557
2026-03-08,11,2512,2757
2026-03-08,12,3663,3586
2026-03-08,13,2951,2955
2026-03-08,14,1936,1785
2026-03-08,15,2320,2102
2026-03-08,16,1847,1634
2026-03-08,17,1523,1510
2026-03-08,18,801,1566
2026-03-08,19,96,744
2026-03-08,20,1,358
2026-03-08,21,2,415
2026-03-08,22,1,199
2026-03-08,23,1,3361
2026-03-09,0,2,157
2026-03-09,1,1,177
2026-03-09,2,1,158
2026-03-09,3,2,169
2026-03-09,4,1,258
2026-03-09,5,1,206
2026-03-09,6,1,156
2026-03-09,7,151,368
2026-03-09,8,752,820
2026-03-09,9,1712,1570
2026-03-09,10,1943,1773
2026-03-09,11,2399,2230
2026-03-09,12,1576,1408
2026-03-09,13,1453,1272
2026-03-09,14,2930,473
2026-03-09,15,1031,201
2026-03-09,16,3833,190
2026-03-09,17,3349,335
2026-03-09,18,414,421
2026-03-09,19,55,741
2026-03-09,20,1,716
2026-03-09,21,1,436
2026-03-09,22,1,177
2026-03-09,23,1,3381
2026-03-10,0,2,144
2026-03-10,1,1,138
2026-03-10,2,1,147
2026-03-10,3,1,249
2026-03-10,4,2,169
2026-03-10,5,1,138
2026-03-10,6,1,144
2026-03-10,7,54,380
2026-03-10,8,539,451
2026-03-10,9,1707,1546
2026-03-10,10,2812,2633
2026-03-10,11,4512,1947
2026-03-10,12,4646,203
2026-03-10,13,4725,222
2026-03-10,14,5414,221
2026-03-10,15,2978,700
2026-03-10,16,4660,1201
2026-03-10,17,3662,856
2026-03-10,18,1966,272
2026-03-10,19,168,490
2026-03-10,20,1,554
2026-03-10,21,1,454
2026-03-10,22,1,176
2026-03-10,23,1,3054
2026-03-11,0,1,159
2026-03-11,1,2,161
2026-03-11,2,1,149
2026-03-11,3,1,200
2026-03-11,4,1,228
2026-03-11,5,1,152
2026-03-11,6,2,153
2026-03-11,7,115,386
2026-03-11,8,770,639
2026-03-11,9,1600,1455
2026-03-11,10,3110,2942
2026-03-11,11,4156,1475
2026-03-11,12,3700,203
2026-03-11,13,5236,185
2026-03-11,14,5925,232
2026-03-11,15,5945,637
2026-03-11,16,5038,1524
2026-03-11,17,3988,309
2026-03-11,18,2129,462
2026-03-11,19,138,740
2026-03-11,20,2,754
2026-03-11,21,1,422
2026-03-11,22,1,310
2026-03-11,23,1,3497
2026-03-12,0,1,161
2026-03-12,1,2,157
2026-03-12,2,1,154
2026-03-12,3,1,160
2026-03-12,4,2,163
2026-03-12,5,1,146
2026-03-12,6,1,145
2026-03-12,7,48,495
2026-03-12,8,259,258
2026-03-12,9,1395,1248
2026-03-12,10,3837,3575
2026-03-12,11,5051,376
2026-03-12,12,5877,220
2026-03-12,13,6036,230
2026-03-12,14,6090,222
2026-03-12,15,5735,1082
2026-03-12,16,5035,231
2026-03-12,17,3787,1794
2026-03-12,18,1929,1860
2026-03-12,19,102,714
2026-03-12,20,2,454
2026-03-12,21,1,447
2026-03-12,22,1,216
2026-03-12,23,1,3712
2026-03-13,0,2,169
2026-03-13,1,1,188
2026-03-13,2,1,165
2026-03-13,3,1,172
2026-03-13,4,2,170
2026-03-13,5,1,164
2026-03-13,6,1,179
2026-03-13,7,39,466
2026-03-13,8,433,488
2026-03-13,9,441,308
2026-03-13,10,1925,1701
2026-03-13,11,4562,3779
2026-03-13,12,4530,744
2026-03-13,13,4355,259
2026-03-13,14,4071,245
2026-03-13,15,2807,625
2026-03-13,16,2747,386
2026-03-13,17,2994,1480
2026-03-13,18,462,370
2026-03-13,19,42,702
2026-03-13,20,1,714
2026-03-13,21,2,502
2026-03-13,22,1,299
2026-03-13,23,1,3098
2026-03-14,0,1,186
2026-03-14,1,2,164
2026-03-14,2,1,189
2026-03-14,3,1,183
2026-03-14,4,1,162
2026-03-14,5,2,181
2026-03-14,6,1,182
2026-03-14,7,-12,414
2026-03-14,8,100,372
2026-03-14,9,350,346
2026-03-14,10,977,999
2026-03-14,11,3168,2936
2026-03-14,12,3724,3499
2026-03-14,13,3201,2839
2026-03-14,14,3040,844
2026-03-14,15,1844,2275
2026-03-14,16,1889,1955
2026-03-14,17,2720,1179
2026-03-14,18,457,646
2026-03-14,19,99,687
2026-03-14,20,2,691
2026-03-14,21,1,438
2026-03-14,22,1,221
2026-03-14,23,2,1291
2026-03-15,0,1,260
2026-03-15,1,1,161
2026-03-15,2,1,154
2026-03-15,3,2,167
2026-03-15,4,1,151
2026-03-15,5,1,147
2026-03-15,6,1,155
2026-03-15,7,45,238
2026-03-15,8,266,657
2026-03-15,9,1377,1248
2026-03-15,10,3785,416
2026-03-15,11,5035,3442
2026-03-15,12,5771,2669
2026-03-15,13,6050,221
2026-03-15,14,6067,759
2026-03-15,15,5761,784
2026-03-15,16,5016,1712
2026-03-15,17,3789,1097
2026-03-15,18,1773,680
2026-03-15,19,68,664
2026-03-15,20,1,418
2026-03-15,21,1,507
2026-03-15,22,1,230
2026-03-15,23,1,3848
2026-03-16,0,1,611
2026-03-16,1,2,166
2026-03-16,2,1,166
2026-03-16,3,1,157
2026-03-16,4,2,165
2026-03-16,5,1,166
2026-03-16,6,1,149
2026-03-16,7,60,400
2026-03-16,8,408,318
2026-03-16,9,1387,1548
2026-03-16,10,3725,3480
2026-03-16,11,4463,1261
2026-03-16,12,3975,200
2026-03-16,13,4563,224
2026-03-16,14,5448,237
2026-03-16,15,5911,217
2026-03-16,16,5126,1152
2026-03-16,17,3767,250
2026-03-16,18,1549,1073
2026-03-16,19,56,1073
2026-03-16,20,1,722
2026-03-16,21,2,498
2026-03-16,22,1,247
2026-03-16,23,1,3656
2026-03-17,0,1,185
2026-03-17,1,2,169
2026-03-17,2,1,164
2026-03-17,3,1,170
2026-03-17,4,1,172
2026-03-17,5,2,166
2026-03-17,6,1,151
2026-03-17,7,35,401
2026-03-17,8,248,238
2026-03-17,9,1251,1108
2026-03-17,10,3250,2749
2026-03-17,11,3940,1981
2026-03-17,12,5242,192
2026-03-17,13,6022,1336
2026-03-17,14,6013,1590
2026-03-17,15,5584,510
2026-03-17,16,4892,517
2026-03-17,17,3578,801
2026-03-17,18,1585,903
2026-03-17,19,52,841
2026-03-17,20,1,459
2026-03-17,21,2,468
2026-03-17,22,1,232
2026-03-17,23,1,3785
2026-03-18,0,1,281
2026-03-18,1,2,165
2026-03-18,2,1,191
2026-03-18,3,1,176
2026-03-18,4,1,164
2026-03-18,5,1,168
2026-03-18,6,1,182
2026-03-18,7,53,392
2026-03-18,8,270,239
2026-03-18,9,1374,1221
2026-03-18,10,3020,2712
2026-03-18,11,2934,1690
2026-03-18,12,4774,276
2026-03-18,13,5414,289
2026-03-18,14,4933,299
2026-03-18,15,5580,301
2026-03-18,16,5016,251
2026-03-18,17,3690,520
2026-03-18,18,1218,892
2026-03-18,19,6,1038
2026-03-18,20,1,753
2026-03-18,21,2,713
2026-03-18,22,1,296
2026-03-18,23,1,3469
2026-03-19,0,1,176
2026-03-19,1,1,172
2026-03-19,2,1,166
2026-03-19,3,1,167
2026-03-19,4,2,178
2026-03-19,5,1,159
2026-03-19,6,1,175
2026-03-19,7,56,407
2026-03-19,8,462,344
2026-03-19,9,1132,958
2026-03-19,10,1970,1662
2026-03-19,11,2873,2415
2026-03-19,12,3559,2107
2026-03-19,13,5575,257
2026-03-19,14,5739,235
2026-03-19,15,5017,326
2026-03-19,16,5007,777
2026-03-19,17,3471,520
2026-03-19,18,1373,785
2026-03-19,19,68,833
2026-03-19,20,1,729
2026-03-19,21,2,368
2026-03-19,22,1,213
2026-03-19,23,1,3813
2026-03-20,0,1,165
2026-03-20,1,1,177
2026-03-20,2,1,164
2026-03-20,3,2,169
2026-03-20,4,1,160
2026-03-20,5,1,167
2026-03-20,6,1,175
2026-03-20,7,36,408
2026-03-20,8,481,506
2026-03-20,9,946,798
2026-03-20,10,2934,2628
2026-03-20,11,2592,2376
2026-03-20,12,2682,1249
2026-03-20,13,4870,197
2026-03-20,14,5587,237
2026-03-20,15,5921,704
2026-03-20,16,4418,315
2026-03-20,17,2055,239
2026-03-20,18,896,479
2026-03-20,19,13,805
2026-03-20,20,2,813
2026-03-20,21,1,430
2026-03-20,22,1,186
2026-03-20,23,1,2194
2026-03-21,0,1,155
2026-03-21,1,2,158
2026-03-21,2,1,163
2026-03-21,3,1,152
2026-03-21,4,1,147
2026-03-21,5,1,148
2026-03-21,6,2,143
2026-03-21,7,28,222
2026-03-21,8,213,229
2026-03-21,9,1343,1235
2026-03-21,10,3834,3552
2026-03-21,11,5059,3987
2026-03-21,12,5793,581
2026-03-21,13,5987,564
2026-03-21,14,6027,225
2026-03-21,15,5708,970
2026-03-21,16,3827,362
2026-03-21,17,1285,298
2026-03-21,18,1385,358
2026-03-21,19,33,632
2026-03-21,20,1,771
2026-03-21,21,1,651
2026-03-21,22,2,175
2026-03-21,23,1,3892
2026-03-22,0,1,158
2026-03-22,1,1,138
2026-03-22,2,1,144
2026-03-22,3,1,151
2026-03-22,4,2,142
2026-03-22,5,1,137
2026-03-22,6,0,135
2026-03-22,7,24,288
2026-03-22,8,192,841
2026-03-22,9,1328,1238
2026-03-22,10,3741,3547
2026-03-22,11,4901,4530
2026-03-22,12,5669,1841
2026-03-22,13,6021,1344
2026-03-22,14,6006,2294
2026-03-22,15,5588,532
2026-03-22,16,4808,774
2026-03-22,17,3494,1158
2026-03-22,18,1198,1028
2026-03-22,19,23,1152
2026-03-22,20,1,475
2026-03-22,21,1,423
2026-03-22,22,2,219
2026-03-22,23,1,3920
2026-03-23,0,1,791
2026-03-23,1,1,147
2026-03-23,2,1,155
2026-03-23,3,2,140
2026-03-23,4,1,147
2026-03-23,5,1,145
2026-03-23,6,1,139
2026-03-23,7,21,393
2026-03-23,8,180,272
2026-03-23,9,1282,1183
2026-03-23,10,3697,3503
2026-03-23,11,4954,2451
2026-03-23,12,5724,419
2026-03-23,13,5946,432
2026-03-23,14,5949,424
2026-03-23,15,5677,818
2026-03-23,16,4813,1314
2026-03-23,17,3460,932
2026-03-23,18,1087,369
2026-03-23,19,17,398
2026-03-23,20,1,404
2026-03-23,21,1,420
2026-03-23,22,1,187
2026-03-23,23,2,3286
2026-03-24,0,1,167
2026-03-24,1,1,163
2026-03-24,2,1,161
2026-03-24,3,2,167
2026-03-24,4,1,164
2026-03-24,5,1,162
2026-03-24,6,1,158
2026-03-24,7,29,371
2026-03-24,8,457,400
2026-03-24,9,1442,1278
2026-03-24,10,1889,1717
2026-03-24,11,3003,2791
2026-03-24,12,3224,311
2026-03-24,13,1865,193
2026-03-24,14,2174,190
2026-03-24,15,2734,1836
2026-03-24,16,2547,252
2026-03-24,17,1698,380
2026-03-24,18,493,516
2026-03-24,19,2,805
2026-03-24,20,2,838
2026-03-24,21,1,566
2026-03-24,22,1,238
2026-03-24,23,1,3850
2026-03-25,0,1,587
2026-03-25,1,2,166
2026-03-25,2,1,173
2026-03-25,3,1,164
2026-03-25,4,1,156
2026-03-25,5,1,158
2026-03-25,6,2,160
2026-03-25,7,32,397
2026-03-25,8,504,632
2026-03-25,9,1469,1141
2026-03-25,10,3092,2798
2026-03-25,11,3027,2632
2026-03-25,12,3220,206
2026-03-25,13,2952,210
2026-03-25,14,3243,172
2026-03-25,15,2226,255
2026-03-25,16,2115,248
2026-03-25,17,878,357
2026-03-25,18,312,757
2026-03-25,19,6,751
2026-03-25,20,1,515
2026-03-25,21,1,444
2026-03-25,22,1,199
2026-03-25,23,1,3797
2026-03-26,0,2,636
2026-03-26,1,1,180
2026-03-26,2,1,162
2026-03-26,3,2,162
2026-03-26,4,1,168
2026-03-26,5,1,183
2026-03-26,6,1,182
2026-03-26,7,8,414
2026-03-26,8,168,299
2026-03-26,9,463,325
2026-03-26,10,639,496
2026-03-26,11,890,707
2026-03-26,12,950,795
2026-03-26,13,1184,1035
2026-03-26,14,889,700
2026-03-26,15,773,1050
2026-03-26,16,463,376
2026-03-26,17,459,1267
2026-03-26,18,166,1984
2026-03-26,19,-2,956
2026-03-26,20,1,372
2026-03-26,21,1,420
2026-03-26,22,1,209
2026-03-26,23,2,3844
2026-03-27,0,1,2972
2026-03-27,1,1,154
2026-03-27,2,1,162
2026-03-27,3,1,180
2026-03-27,4,2,154
2026-03-27,5,1,162
2026-03-27,6,1,234
2026-03-27,7,8,401
2026-03-27,8,476,536
2026-03-27,9,1268,1124
2026-03-27,10,2003,1838
2026-03-27,11,2612,2451
2026-03-27,12,1714,1567
2026-03-27,13,1467,434
2026-03-27,14,1953,286
2026-03-27,15,3976,346
2026-03-27,16,2155,217
2026-03-27,17,1665,504
2026-03-27,18,346,853
2026-03-27,19,-2,738
2026-03-27,20,1,448
2026-03-27,21,1,461
2026-03-27,22,2,258
2026-03-27,23,1,3774
2026-03-28,0,1,683
2026-03-28,1,1,177
2026-03-28,2,1,172
2026-03-28,3,2,191
2026-03-28,4,1,174
2026-03-28,5,1,181
2026-03-28,6,2,192
2026-03-28,7,36,361
2026-03-28,8,194,296
2026-03-28,9,1323,1587
2026-03-28,10,3375,3197
2026-03-28,11,3417,2962
2026-03-28,12,3849,1266
2026-03-28,13,5738,972
2026-03-28,14,5803,474
2026-03-28,15,5065,860
2026-03-28,16,4646,2015
2026-03-28,17,3069,2115
2026-03-28,18,752,1031
2026-03-28,19,0,402
2026-03-28,20,1,441
2026-03-28,21,2,470
2026-03-28,22,1,170
2026-03-28,23,1,3802
2026-03-29,0,1,1341
2026-03-29,1,2,180
2026-03-29,2,1,158
2026-03-29,3,1,151
2026-03-29,4,1,170
2026-03-29,5,2,179
2026-03-29,6,1,255
2026-03-29,7,11,299
2026-03-29,8,428,409
2026-03-29,9,1344,1125
2026-03-29,10,2104,2037
2026-03-29,11,2543,2348
2026-03-29,12,2303,2356
2026-03-29,13,2616,2432
2026-03-29,14,1826,564
2026-03-29,15,1623,1288
2026-03-29,16,871,1166
2026-03-29,17,411,1105
2026-03-29,18,92,1573
2026-03-29,19,-2,1177
2026-03-29,20,1,660
2026-03-29,21,2,573
2026-03-29,22,1,222
2026-03-29,23,1,3907
2026-03-30,0,2,908
2026-03-30,1,1,188
2026-03-30,2,1,168
2026-03-30,3,2,179
2026-03-30,4,1,163
2026-03-30,5,1,181
2026-03-30,6,2,162
2026-03-30,7,-4,424
2026-03-30,8,153,683
2026-03-30,9,648,597
2026-03-30,10,1181,857
2026-03-30,11,1681,1373
2026-03-30,12,2447,2056
2026-03-30,13,1917,1664
2026-03-30,14,1643,346
2026-03-30,15,1489,264
2026-03-30,16,918,195
2026-03-30,17,857,1346
2026-03-30,18,205,1043
2026-03-30,19,-1,807
2026-03-30,20,1,736
2026-03-30,21,1,496
2026-03-30,22,2,232
2026-03-30,23,1,3792
2026-03-31,0,1,964
2026-03-31,1,1,189
2026-03-31,2,1,169
2026-03-31,3,2,178
2026-03-31,4,1,162
2026-03-31,5,1,168
2026-03-31,6,1,167
2026-03-31,7,12,410
2026-03-31,8,327,299
2026-03-31,9,1299,1141
2026-03-31,10,3029,2777
2026-03-31,11,2677,2345
2026-03-31,12,2409,851
2026-03-31,13,4480,237
2026-03-31,14,4063,203
2026-03-31,15,5740,234
2026-03-31,16,3964,609
2026-03-31,17,2292,988
2026-03-31,18,624,776
2026-03-31,19,-2,851
2026-03-31,20,2,478
2026-03-31,21,1,503
2026-03-31,22,1,253
2026-03-31,23,1,3809
2026-04-01,0,1,710
2026-04-01,1,2,167
2026-04-01,2,1,148
2026-04-01,3,1,156
2026-04-01,4,1,160
2026-04-01,5,1,144
2026-04-01,6,1,158
2026-04-01,7,13,442
2026-04-01,8,171,405
2026-04-01,9,1366,1218
2026-04-01,10,3582,3413
2026-04-01,11,4875,2165
2026-04-01,12,5711,216
2026-04-01,13,6076,194
2026-04-01,14,6036,223
2026-04-01,15,5560,224
2026-04-01,16,4683,1341
2026-04-01,17,3022,1070
2026-04-01,18,649,887
2026-04-01,19,-1,941
2026-04-01,20,1,1139
2026-04-01,21,1,842
2026-04-01,22,1,502
2026-04-01,23,1,3798
2026-04-02,0,1,486
2026-04-02,1,1,162
2026-04-02,2,1,127
2026-04-02,3,1,160
2026-04-02,4,1,133
2026-04-02,5,1,149
2026-04-02,6,1,138
2026-04-02,7,8,452
2026-04-02,8,155,477
2026-04-02,9,1365,1453
2026-04-02,10,3526,3365
2026-04-02,11,4731,3162
2026-04-02,12,5480,390
2026-04-02,13,5823,542
2026-04-02,14,5776,976
2026-04-02,15,5337,225
2026-04-02,16,4506,222
2026-04-02,17,2875,227
2026-04-02,18,585,974
2026-04-02,19,-2,1084
2026-04-02,20,1,961
2026-04-02,21,1,553
2026-04-02,22,2,315
2026-04-02,23,1,3886
2026-04-03,0,1,848
2026-04-03,1,1,229
2026-04-03,2,1,183
2026-04-03,3,1,137
2026-04-03,4,1,146
2026-04-03,5,1,137
2026-04-03,6,1,147
2026-04-03,7,11,387
2026-04-03,8,446,467
2026-04-03,9,1157,1080
2026-04-03,10,2126,1952
2026-04-03,11,3464,3148
2026-04-03,12,4302,3724
2026-04-03,13,4322,2917
2026-04-03,14,3895,858
2026-04-03,15,5563,486
2026-04-03,16,4555,1445
2026-04-03,17,2813,1005
2026-04-03,18,555,1007
2026-04-03,19,-3,824
2026-04-03,20,2,661
2026-04-03,21,1,529
2026-04-03,22,1,350
2026-04-03,23,1,3900
2026-04-04,0,1,2188
2026-04-04,1,2,160
2026-04-04,2,1,162
2026-04-04,3,1,141
2026-04-04,4,2,162
2026-04-04,5,1,144
2026-04-04,6,1,156
2026-04-04,7,6,334
2026-04-04,8,168,414
2026-04-04,9,1352,1245
2026-04-04,10,3427,3243
2026-04-04,11,4569,3583
2026-04-04,12,4730,699
2026-04-04,13,5219,2054
2026-04-04,14,5584,1444
2026-04-04,15,4481,2099
2026-04-04,16,3308,1535
2026-04-04,17,1743,966
2026-04-04,18,279,629
2026-04-04,19,-2,752
2026-04-04,20,1,481
2026-04-04,21,1,515
2026-04-04,22,1,290
2026-04-04,23,2,3746
2026-04-05,0,1,2006
2026-04-05,1,1,158
2026-04-05,2,2,312
2026-04-05,3,1,151
2026-04-05,4,2,141
2026-04-05,5,1,144
2026-04-05,6,0,164
2026-04-05,7,306,393
2026-04-05,8,1263,1370
2026-04-05,9,2742,2569
2026-04-05,10,4233,3967
2026-04-05,11,4708,1485
2026-04-05,12,5431,1683
2026-04-05,13,5893,1782
2026-04-05,14,5362,463
2026-04-05,15,4392,253
2026-04-05,16,2572,833
2026-04-05,17,445,685
2026-04-05,18,-1,784
2026-04-05,19,1,933
2026-04-05,20,1,477
2026-04-05,21,1,408
2026-04-05,22,2,221
2026-04-05,23,1,3767
2026-04-06,0,1,1677
2026-04-06,1,1,146
2026-04-06,2,1,142
2026-04-06,3,2,144
2026-04-06,4,1,148
2026-04-06,5,1,142
2026-04-06,6,-1,143
2026-04-06,7,138,267
2026-04-06,8,1306,1116
2026-04-06,9,3399,718
2026-04-06,10,4436,1707
2026-04-06,11,5355,4301
2026-04-06,12,5849,2180
2026-04-06,13,5334,423
2026-04-06,14,4981,1163
2026-04-06,15,3541,232
2026-04-06,16,1959,188
2026-04-06,17,348,770
2026-04-06,18,0,568
2026-04-06,19,2,547
2026-04-06,20,1,872
2026-04-06,21,1,784
2026-04-06,22,1,218
2026-04-06,23,1,3766
2026-04-07,0,2,538
2026-04-07,1,1,162
2026-04-07,2,1,154
2026-04-07,3,1,153
2026-04-07,4,2,139
2026-04-07,5,1,148
2026-04-07,6,0,150
2026-04-07,7,317,358
2026-04-07,8,860,581
2026-04-07,9,2302,2103
2026-04-07,10,2882,2643
2026-04-07,11,2260,2079
2026-04-07,12,1956,1723
2026-04-07,13,1321,877
2026-04-07,14,817,247
2026-04-07,15,468,290
2026-04-07,16,651,788
2026-04-07,17,62,1338
2026-04-07,18,2,772
2026-04-07,19,1,450
2026-04-07,20,1,152
2026-04-07,21,1,138
2026-04-07,22,1,134
2026-04-07,23,2,2628
2026-04-08,0,1,139
2026-04-08,1,1,117
2026-04-08,2,2,137
2026-04-08,3,1,130
2026-04-08,4,1,128
2026-04-08,5,2,116
2026-04-08,6,0,137
2026-04-08,7,189,164
2026-04-08,8,323,245
2026-04-08,9,1057,791
2026-04-08,10,4217,766
2026-04-08,11,3410,205
2026-04-08,12,4199,210
2026-04-08,13,2974,181
2026-04-08,14,697,182
2026-04-08,15,755,195
2026-04-08,16,341,153
2026-04-08,17,50,169
2026-04-08,18,1,140
2026-04-08,19,1,127
2026-04-08,20,2,143
2026-04-08,21,1,119
2026-04-08,22,1,136
2026-04-08,23,1,1154
2026-04-09,0,1,125
2026-04-09,1,1,121
2026-04-09,2,2,115
2026-04-09,3,1,124
2026-04-09,4,1,119
2026-04-09,5,1,112
2026-04-09,6,1,131
2026-04-09,7,238,132
2026-04-09,8,1245,866
2026-04-09,9,3256,332
2026-04-09,10,4540,161
2026-04-09,11,5273,205
2026-04-09,12,5292,231
2026-04-09,13,3371,235
2026-04-09,14,3205,213
2026-04-09,15,4058,217
2026-04-09,16,2227,208
2026-04-09,17,374,190
2026-04-09,18,0,124
2026-04-09,19,2,140
2026-04-09,20,1,148
2026-04-09,21,1,124
2026-04-09,22,2,126
2026-04-09,23,1,1155
2026-04-10,0,1,115
2026-04-10,1,1,129
2026-04-10,2,2,117
2026-04-10,3,1,117
2026-04-10,4,1,125
2026-04-10,5,1,113
2026-04-10,6,-1,127
2026-04-10,7,170,148
2026-04-10,8,1408,1135
2026-04-10,9,3330,250
2026-04-10,10,4484,333
2026-04-10,11,5317,229
2026-04-10,12,5723,210
2026-04-10,13,5558,219
2026-04-10,14,4988,201
2026-04-10,15,4101,195
2026-04-10,16,1898,199
2026-04-10,17,313,153
2026-04-10,18,-1,142
2026-04-10,19,1,152
2026-04-10,20,1,122
2026-04-10,21,2,120
2026-04-10,22,1,163
2026-04-10,23,1,1101
2026-04-11,0,2,122
2026-04-11,1,1,127
2026-04-11,2,1,114
2026-04-11,3,1,114
2026-04-11,4,2,126
2026-04-11,5,1,120
2026-04-11,6,7,119
2026-04-11,7,210,141
2026-04-11,8,1218,956
2026-04-11,9,2936,468
2026-04-11,10,4812,212
2026-04-11,11,4117,215
2026-04-11,12,4431,205
2026-04-11,13,4596,187
2026-04-11,14,4395,189
2026-04-11,15,2755,185
2026-04-11,16,1888,150
2026-04-11,17,232,163
2026-04-11,18,-1,141
2026-04-11,19,1,123
2026-04-11,20,2,152
2026-04-11,21,1,121
2026-04-11,22,1,139
2026-04-11,23,1,1139
2026-04-12,0,2,137
2026-04-12,1,1,121
2026-04-12,2,1,141
2026-04-12,3,1,124
2026-04-12,4,2,129
2026-04-12,5,1,141
2026-04-12,6,1,127
2026-04-12,7,47,144
2026-04-12,8,254,172
2026-04-12,9,587,402
2026-04-12,10,798,634
2026-04-12,11,1123,774
2026-04-12,12,1232,146
2026-04-12,13,1555,161
2026-04-12,14,1164,171
2026-04-12,15,164,162
2026-04-12,16,72,137
2026-04-12,17,-5,162
2026-04-12,18,1,143
2026-04-12,19,1,122
2026-04-12,20,2,153
2026-04-12,21,1,118
2026-04-12,22,1,142
2026-04-12,23,1,1081
2026-04-13,0,1,116
2026-04-13,1,2,255
2026-04-13,2,1,148
2026-04-13,3,1,123
2026-04-13,4,2,134
2026-04-13,5,1,139
2026-04-13,6,-2,119
2026-04-13,7,78,143
2026-04-13,8,211,184
2026-04-13,9,361,235
2026-04-13,10,1493,1181
2026-04-13,11,1922,207
2026-04-13,12,916,154
2026-04-13,13,795,182
2026-04-13,14,383,176
2026-04-13,15,351,157
2026-04-13,16,265,157
2026-04-13,17,82,163
2026-04-13,18,1,115
2026-04-13,19,2,115
2026-04-13,20,1,129
2026-04-13,21,1,126
2026-04-13,22,1,136
2026-04-13,23,2,1063
2026-04-14,0,1,121
2026-04-14,1,1,110
2026-04-14,2,1,108
2026-04-14,3,1,113
2026-04-14,4,1,122
2026-04-14,5,1,110
2026-04-14,6,-1,119
2026-04-14,7,183,147
2026-04-14,8,658,516
2026-04-14,9,1614,752
2026-04-14,10,3434,169
2026-04-14,11,2942,166
2026-04-14,12,3326,164
2026-04-14,13,3615,170
2026-04-14,14,3262,173
2026-04-14,15,2951,167
2026-04-14,16,972,156
2026-04-14,17,66,139
2026-04-14,18,1,133
2026-04-14,19,1,128
2026-04-14,20,1,113
2026-04-14,21,1,119
2026-04-14,22,1,124
2026-04-14,23,1,1317
2026-04-15,0,1,126
2026-04-15,1,2,121
2026-04-15,2,1,114
2026-04-15,3,1,126
2026-04-15,4,1,111
2026-04-15,5,1,102
2026-04-15,6,-4,126
2026-04-15,7,141,142
2026-04-15,8,1013,739
2026-04-15,9,1515,738
2026-04-15,10,1411,132
2026-04-15,11,1403,136
2026-04-15,12,3513,181
2026-04-15,13,4477,170
2026-04-15,14,4520,145
2026-04-15,15,3391,178
2026-04-15,16,1528,235
2026-04-15,17,177,187
2026-04-15,18,1,118
2026-04-15,19,1,122
2026-04-15,20,1,116
2026-04-15,21,1,110
2026-04-15,22,1,139
2026-04-15,23,1,1225
2026-04-16,0,1,115
2026-04-16,1,1,124
2026-04-16,2,1,116
2026-04-16,3,1,114
2026-04-16,4,1,116
2026-04-16,5,1,125
2026-04-16,6,3,120
2026-04-16,7,218,161
2026-04-16,8,934,729
2026-04-16,9,2514,878
2026-04-16,10,4512,178
2026-04-16,11,5430,183
2026-04-16,12,4310,185
2026-04-16,13,5002,198
2026-04-16,14,4470,202
2026-04-16,15,3931,193
2026-04-16,16,1484,158
2026-04-16,17,106,146
2026-04-16,18,1,130
2026-04-16,19,2,411
2026-04-16,20,1,552
2026-04-16,21,1,575
2026-04-16,22,1,313
2026-04-16,23,1,3626
2026-04-17,0,1,158
2026-04-17,1,1,156
2026-04-17,2,1,150
2026-04-17,3,2,133
2026-04-17,4,1,131
2026-04-17,5,1,142
2026-04-17,6,-2,137
2026-04-17,7,195,239
2026-04-17,8,845,782
2026-04-17,9,2359,2221
2026-04-17,10,1902,1910
2026-04-17,11,1611,1635
2026-04-17,12,1060,1678
2026-04-17,13,815,1069
2026-04-17,14,1496,1678
2026-04-17,15,870,716
2026-04-17,16,149,246
2026-04-17,17,12,1012
2026-04-17,18,1,1186
2026-04-17,19,1,843
2026-04-17,20,1,608
2026-04-17,21,2,609
2026-04-17,22,1,350
2026-04-17,23,1,3849
2026-04-18,0,1,3222
2026-04-18,1,1,157
2026-04-18,2,2,142
2026-04-18,3,1,152
2026-04-18,4,1,151
2026-04-18,5,2,146
2026-04-18,6,-4,153
2026-04-18,7,166,355
2026-04-18,8,832,773
2026-04-18,9,2831,2719
2026-04-18,10,3991,3605
2026-04-18,11,1077,1011
2026-04-18,12,1109,1228
2026-04-18,13,868,713
2026-04-18,14,558,1002
2026-04-18,15,306,1040
2026-04-18,16,38,982
2026-04-18,17,0,1050
2026-04-18,18,1,880
2026-04-18,19,2,708
2026-04-18,20,1,713
2026-04-18,21,1,490
2026-04-18,22,1,300
2026-04-18,23,1,3807
2026-04-19,0,2,293
2026-04-19,1,1,134
2026-04-19,2,1,148
2026-04-19,3,1,137
2026-04-19,4,2,147
2026-04-19,5,1,133
2026-04-19,6,-2,137
2026-04-19,7,81,395
2026-04-19,8,1274,1203
2026-04-19,9,3130,3196
2026-04-19,10,4413,4080
2026-04-19,11,3784,3208
2026-04-19,12,4216,1929
2026-04-19,13,5339,705
2026-04-19,14,3632,923
2026-04-19,15,2000,609
2026-04-19,16,94,271
2026-04-19,17,-2,477
2026-04-19,18,1,1317
2026-04-19,19,1,815
2026-04-19,20,1,603
2026-04-19,21,1,493
2026-04-19,22,2,303
2026-04-19,23,1,3828
2026-04-20,0,1,3320
2026-04-20,1,1,138
2026-04-20,2,1,142
2026-04-20,3,2,140
2026-04-20,4,1,140
2026-04-20,5,1,247
2026-04-20,6,-1,155
2026-04-20,7,322,463
2026-04-20,8,733,610
2026-04-20,9,751,604
2026-04-20,10,760,612
2026-04-20,11,1136,986
2026-04-20,12,676,529
2026-04-20,13,223,224
2026-04-20,14,-17,159
2026-04-20,15,-21,1729
2026-04-20,16,0,1699
2026-04-20,17,1,1258
2026-04-20,18,1,2382
2026-04-20,19,1,1198
2026-04-20,20,1,1332
2026-04-20,21,1,578
2026-04-20,22,1,304
2026-04-20,23,1,3766
2026-04-21,0,1,3742
2026-04-21,1,1,1685
2026-04-21,2,1,140
2026-04-21,3,1,141
2026-04-21,4,1,123
2026-04-21,5,1,139
2026-04-21,6,1,135
2026-04-21,7,-15,517
2026-04-21,8,86,785
2026-04-21,9,192,877
2026-04-21,10,255,562
2026-04-21,11,345,236
2026-04-21,12,410,287
2026-04-21,13,449,325
2026-04-21,14,481,357
2026-04-21,15,365,538
2026-04-21,16,220,497
2026-04-21,17,-3,1013
2026-04-21,18,1,848
2026-04-21,19,1,828
2026-04-21,20,1,452
2026-04-21,21,1,568
2026-04-21,22,1,297
2026-04-21,23,1,3783
2026-04-22,0,1,3829
2026-04-22,1,1,3811
2026-04-22,2,1,242
2026-04-22,3,1,130
2026-04-22,4,1,129
2026-04-22,5,1,134
2026-04-22,6,-1,124
2026-04-22,7,169,471
2026-04-22,8,963,1178
2026-04-22,9,1810,2435
2026-04-22,10,3087,3770
2026-04-22,11,4111,3146
2026-04-22,12,4692,1416
2026-04-22,13,3669,892
2026-04-22,14,4509,1844
2026-04-22,15,3357,201
2026-04-22,16,1243,230
2026-04-22,17,65,2041
2026-04-22,18,1,737
2026-04-22,19,1,802
2026-04-22,20,1,506
2026-04-22,21,1,533
2026-04-22,22,1,335
2026-04-22,23,1,3730
2026-04-23,0,1,1549
2026-04-23,1,1,127
2026-04-23,2,1,122
2026-04-23,3,1,136
2026-04-23,4,1,115
2026-04-23,5,1,120
2026-04-23,6,-2,120
2026-04-23,7,96,462
2026-04-23,8,1370,1275
2026-04-23,9,2804,2626
2026-04-23,10,3152,2784
2026-04-23,11,1839,1660
2026-04-23,12,1697,1526
2026-04-23,13,2203,1338
2026-04-23,14,1466,179
2026-04-23,15,1819,237
2026-04-23,16,351,161
2026-04-23,17,54,725
2026-04-23,18,1,2021
2026-04-23,19,1,1875
2026-04-23,20,1,1138
2026-04-23,21,1,983
2026-04-23,22,1,613
2026-04-23,23,1,4151
2026-04-24,0,1,2112
2026-04-24,1,1,598
2026-04-24,2,1,385
2026-04-24,3,1,380
2026-04-24,4,1,574
2026-04-24,5,1,500
2026-04-24,6,-2,402
2026-04-24,7,97,786
2026-04-24,8,1362,1219
2026-04-24,9,3129,2902
2026-04-24,10,4296,3917
2026-04-24,11,5061,2603
2026-04-24,12,5352,595
2026-04-24,13,5296,335
2026-04-24,14,4718,1007
2026-04-24,15,3495,1063
2026-04-24,16,1009,797
2026-04-24,17,107,577
2026-04-24,18,1,1081
2026-04-24,19,1,1379
2026-04-24,20,1,1246
2026-04-24,21,1,776
2026-04-24,22,1,429
2026-04-24,23,1,3995
2026-04-25,0,1,1466
2026-04-25,1,1,368
2026-04-25,2,1,346
2026-04-25,3,1,337
2026-04-25,4,1,338
2026-04-25,5,0,417
2026-04-25,6,-1,459
2026-04-25,7,86,567
2026-04-25,8,1337,1217
2026-04-25,9,3098,2950
2026-04-25,10,4265,3897
2026-04-25,11,4996,338
2026-04-25,12,5339,179
2026-04-25,13,5255,193
2026-04-25,14,4768,190
2026-04-25,15,3368,168
2026-04-25,16,1124,601
2026-04-25,17,104,163
2026-04-25,18,1,146
2026-04-25,19,1,218
2026-04-25,20,1,256
2026-04-25,21,1,252
2026-04-25,22,1,252
2026-04-25,23,1,1213
2026-04-26,0,0,120
2026-04-26,1,2,136
2026-04-26,2,1,114
2026-04-26,3,1,128
2026-04-26,4,1,121
2026-04-26,5,1,124
2026-04-26,6,1,117
2026-04-26,7,82,219
2026-04-26,8,954,823
2026-04-26,9,1234,1088
2026-04-26,10,1987,397
2026-04-26,11,2119,209
2026-04-26,12,4117,209
2026-04-26,13,3378,203
2026-04-26,14,2172,215
2026-04-26,15,1876,200
2026-04-26,16,1146,190
2026-04-26,17,42,145
2026-04-26,18,1,1761
2026-04-26,19,2,1657
2026-04-26,20,1,945
2026-04-26,21,1,642
2026-04-26,22,1,680
2026-04-26,23,1,4043
2026-04-27,0,1,684
2026-04-27,1,1,441
2026-04-27,2,1,358
2026-04-27,3,1,374
2026-04-27,4,1,360
2026-04-27,5,1,490
2026-04-27,6,-1,471
2026-04-27,7,63,373
2026-04-27,8,1264,1646
2026-04-27,9,2021,1729
2026-04-27,10,4118,3871
2026-04-27,11,4876,4323
2026-04-27,12,5203,1117
2026-04-27,13,5151,421
2026-04-27,14,4197,2343
2026-04-27,15,1782,1363
2026-04-27,16,965,259
2026-04-27,17,63,1484
2026-04-27,18,1,586
2026-04-27,19,1,768
2026-04-27,20,2,696
2026-04-27,21,1,581
2026-04-27,22,1,701
2026-04-27,23,1,4076
2026-04-28,0,1,2724
2026-04-28,1,1,342
2026-04-28,2,1,342
2026-04-28,3,2,321
2026-04-28,4,1,242
2026-04-28,5,1,272
2026-04-28,6,-1,307
2026-04-28,7,93,720
2026-04-28,8,1286,1514
2026-04-28,9,2751,2616
2026-04-28,10,4060,3885
2026-04-28,11,4818,1466
2026-04-28,12,5129,204
2026-04-28,13,5011,215
2026-04-28,14,4501,281
2026-04-28,15,2871,300
2026-04-28,16,920,243
2026-04-28,17,53,1274
2026-04-28,18,1,802
2026-04-28,19,1,678
2026-04-28,20,1,533
2026-04-28,21,1,579
2026-04-28,22,1,515
2026-04-28,23,1,3990
2026-04-29,0,1,1769
2026-04-29,1,1,323
2026-04-29,2,1,353
2026-04-29,3,1,369
2026-04-29,4,1,125
2026-04-29,5,1,315
2026-04-29,6,2,327
2026-04-29,7,42,695
2026-04-29,8,211,729
2026-04-29,9,403,586
2026-04-29,10,592,462
2026-04-29,11,1286,1151
2026-04-29,12,1214,1068
2026-04-29,13,2386,2107
2026-04-29,14,1290,1129
2026-04-29,15,2327,1926
2026-04-29,16,1149,169
2026-04-29,17,56,1504
2026-04-29,18,1,687
2026-04-29,19,1,897
2026-04-29,20,1,935
2026-04-29,21,2,819
2026-04-29,22,1,367
2026-04-29,23,1,3986
2026-04-30,0,1,1519
2026-04-30,1,1,191
2026-04-30,2,1,377
2026-04-30,3,1,379
2026-04-30,4,1,321
2026-04-30,5,2,233
2026-04-30,6,1,373
2026-04-30,7,179,877
2026-04-30,8,928,850
2026-04-30,9,2385,2237
2026-04-30,10,4153,3839
2026-04-30,11,4561,1882
2026-04-30,12,5231,219
2026-04-30,13,4611,184
2026-04-30,14,4016,230
2026-04-30,15,2089,387
2026-04-30,16,933,430
2026-04-30,17,43,732
2026-04-30,18,1,936
2026-04-30,19,1,1436
2026-04-30,20,1,914
2026-04-30,21,1,494
2026-04-30,22,1,600
2026-04-30,23,1,3975
2026-05-01,0,1,2110
2026-05-01,1,1,323
2026-05-01,2,1,417
2026-05-01,3,1,421
2026-05-01,4,1,389
2026-05-01,5,1,347
2026-05-01,6,0,333
2026-05-01,7,90,706
2026-05-01,8,1253,1121
2026-05-01,9,2985,2820
2026-05-01,10,4214,3881
2026-05-01,11,4953,2175
2026-05-01,12,5243,215
2026-05-01,13,5094,305
2026-05-01,14,4554,771
2026-05-01,15,2813,241
2026-05-01,16,882,1408
2026-05-01,17,46,851
2026-05-01,18,1,966
2026-05-01,19,1,941
2026-05-01,20,1,854
2026-05-01,21,1,573
2026-05-01,22,1,713
2026-05-01,23,1,4190
2026-05-02,0,1,2248
2026-05-02,1,1,490
2026-05-02,2,1,517
2026-05-02,3,1,464
2026-05-02,4,1,392
2026-05-02,5,1,325
2026-05-02,6,0,339
2026-05-02,7,79,501
2026-05-02,8,1221,1116
2026-05-02,9,2932,2511
2026-05-02,10,4117,3913
2026-05-02,11,4910,4056
2026-05-02,12,4490,837
2026-05-02,13,5109,1061
2026-05-02,14,4474,432
2026-05-02,15,3044,1496
2026-05-02,16,811,1622
2026-05-02,17,33,1508
2026-05-02,18,1,773
2026-05-02,19,1,596
2026-05-02,20,1,515
2026-05-02,21,1,814
2026-05-02,22,1,361
2026-05-02,23,1,4189
2026-05-03,0,1,4173
2026-05-03,1,1,583
2026-05-03,2,1,507
2026-05-03,3,1,461
2026-05-03,4,1,403
2026-05-03,5,2,319
2026-05-03,6,1,344
2026-05-03,7,71,277
2026-05-03,8,573,470
2026-05-03,9,1775,1654
2026-05-03,10,3751,3526
2026-05-03,11,4818,4312
2026-05-03,12,5147,2273
2026-05-03,13,5059,2227
2026-05-03,14,4521,2889
2026-05-03,15,2651,3163
2026-05-03,16,794,1789
2026-05-03,17,30,1842
2026-05-03,18,1,1548
2026-05-03,19,1,1037
2026-05-03,20,1,955
2026-05-03,21,1,767
2026-05-03,22,1,429
2026-05-03,23,1,4201
2026-05-04,0,1,2943
2026-05-04,1,1,500
2026-05-04,2,1,329
2026-05-04,3,2,491
2026-05-04,4,1,406
2026-05-04,5,1,372
2026-05-04,6,1,171
2026-05-04,7,54,475
2026-05-04,8,470,414
2026-05-04,9,1083,905
2026-05-04,10,1326,1115
2026-05-04,11,1594,1390
2026-05-04,12,1511,1291
2026-05-04,13,1116,989
2026-05-04,14,920,731
2026-05-04,15,530,932
2026-05-04,16,122,395
2026-05-04,17,-3,1217
2026-05-04,18,1,1132
2026-05-04,19,1,563
2026-05-04,20,1,517
2026-05-04,21,1,773
2026-05-04,22,1,429
2026-05-04,23,1,4159
2026-05-05,0,1,4196
2026-05-05,1,2,1205
2026-05-05,2,1,523
2026-05-05,3,1,487
2026-05-05,4,2,317
2026-05-05,5,1,337
2026-05-05,6,1,333
2026-05-05,7,53,586
2026-05-05,8,414,756
2026-05-05,9,1166,1115
2026-05-05,10,1786,1636
2026-05-05,11,3727,3149
2026-05-05,12,4864,1755
2026-05-05,13,4925,406
2026-05-05,14,4359,440
2026-05-05,15,2421,386
2026-05-05,16,677,260
2026-05-05,17,21,690
2026-05-05,18,2,1512
2026-05-05,19,1,899
2026-05-05,20,1,958
2026-05-05,21,1,724
2026-05-05,22,1,441
2026-05-05,23,1,4087
2026-05-06,0,1,2815
2026-05-06,1,1,297
2026-05-06,2,1,517
2026-05-06,3,2,489
2026-05-06,4,1,500
2026-05-06,5,1,499
2026-05-06,6,1,427
2026-05-06,7,44,506
2026-05-06,8,716,708
2026-05-06,9,1356,1213
2026-05-06,10,3746,3530
2026-05-06,11,4539,2004
2026-05-06,12,3468,376
2026-05-06,13,4160,398
2026-05-06,14,2533,388
2026-05-06,15,1976,395
2026-05-06,16,600,373
2026-05-06,17,15,1571
2026-05-06,18,2,1536
2026-05-06,19,1,1233
2026-05-06,20,1,701
2026-05-06,21,1,935
2026-05-06,22,1,392
2026-05-06,23,1,3983
2026-05-07,0,2,1628
2026-05-07,1,1,336
2026-05-07,2,1,330
2026-05-07,3,1,327
2026-05-07,4,2,505
2026-05-07,5,1,495
2026-05-07,6,1,332
2026-05-07,7,49,633
2026-05-07,8,837,918
2026-05-07,9,1234,1292
2026-05-07,10,1954,1775
2026-05-07,11,4512,3936
2026-05-07,12,4456,1767
2026-05-07,13,3797,385
2026-05-07,14,3228,381
2026-05-07,15,1961,394
2026-05-07,16,409,358
2026-05-07,17,3,634
2026-05-07,18,2,1424
2026-05-07,19,1,1014
2026-05-07,20,1,666
2026-05-07,21,1,664
2026-05-07,22,2,346
2026-05-07,23,1,3980
2026-05-08,0,1,1166
2026-05-08,1,1,322
2026-05-08,2,2,337
2026-05-08,3,1,325
2026-05-08,4,1,332
2026-05-08,5,2,327
2026-05-08,6,1,320
2026-05-08,7,59,484
2026-05-08,8,425,935
2026-05-08,9,2561,2440
2026-05-08,10,2968,2701
2026-05-08,11,2234,1983
2026-05-08,12,1795,1628
2026-05-08,13,847,689
2026-05-08,14,401,390
2026-05-08,15,286,368
2026-05-08,16,61,404
2026-05-08,17,-2,471
2026-05-08,18,1,461
2026-05-08,19,1,894
2026-05-08,20,2,994
2026-05-08,21,1,633
2026-05-08,22,1,492
2026-05-08,23,1,3159
2026-05-09,0,1,508
2026-05-09,1,1,330
2026-05-09,2,1,518
2026-05-09,3,2,504
2026-05-09,4,1,332
2026-05-09,5,1,505
2026-05-09,6,1,468
2026-05-09,7,60,351
2026-05-09,8,680,669
2026-05-09,9,2594,2541
2026-05-09,10,1653,1853
2026-05-09,11,754,670
2026-05-09,12,1431,2353
2026-05-09,13,1905,2045
2026-05-09,14,3282,3298
2026-05-09,15,1125,1872
2026-05-09,16,355,906
2026-05-09,17,-2,1400
2026-05-09,18,1,749
2026-05-09,19,1,542
2026-05-09,20,1,541
2026-05-09,21,1,499
2026-05-09,22,1,696
2026-05-09,23,1,3918
2026-05-10,0,1,2316
2026-05-10,1,1,508
2026-05-10,2,2,501
2026-05-10,3,1,504
2026-05-10,4,1,495
2026-05-10,5,1,506
2026-05-10,6,1,294
2026-05-10,7,38,1128
2026-05-10,8,315,1372
2026-05-10,9,643,888
2026-05-10,10,1684,1542
2026-05-10,11,2374,2437
2026-05-10,12,2243,2066
2026-05-10,13,3004,2539
2026-05-10,14,2078,1959
2026-05-10,15,955,833
2026-05-10,16,302,1383
2026-05-10,17,1,870
2026-05-10,18,1,1736
2026-05-10,19,1,1000
2026-05-10,20,1,916
2026-05-10,21,1,813
2026-05-10,22,2,530
2026-05-10,23,1,4164
2026-05-11,0,1,3928
2026-05-11,1,1,495
2026-05-11,2,1,462
2026-05-11,3,1,471
2026-05-11,4,1,503
2026-05-11,5,2,494
2026-05-11,6,1,359
2026-05-11,7,81,474
2026-05-11,8,676,559
2026-05-11,9,2809,2653
2026-05-11,10,3965,3745
2026-05-11,11,4795,1134
2026-05-11,12,5127,338
2026-05-11,13,5027,352
2026-05-11,14,4400,357
2026-05-11,15,2104,902
2026-05-11,16,559,559
2026-05-11,17,7,909
2026-05-11,18,1,1389
2026-05-11,19,1,1136
2026-05-11,20,1,810
2026-05-11,21,1,883
2026-05-11,22,1,687
2026-05-11,23,1,4210
2026-05-12,0,1,1644
2026-05-12,1,1,549
2026-05-12,2,1,613
2026-05-12,3,0,661
2026-05-12,4,1,508
2026-05-12,5,1,560
2026-05-12,6,0,620
2026-05-12,7,127,872
2026-05-12,8,921,1110
2026-05-12,9,2722,2565
2026-05-12,10,1886,1710
2026-05-12,11,1413,1263
2026-05-12,12,880,696
2026-05-12,13,1042,887
2026-05-12,14,1137,979
2026-05-12,15,1103,1039
2026-05-12,16,412,507
2026-05-12,17,0,981
2026-05-12,18,1,879
2026-05-12,19,1,571
2026-05-12,20,1,1065
2026-05-12,21,1,1162
2026-05-12,22,1,679
2026-05-12,23,1,4237
2026-05-13,0,1,3305
2026-05-13,1,1,531
2026-05-13,2,1,532
2026-05-13,3,1,522
2026-05-13,4,1,597
2026-05-13,5,1,643
2026-05-13,6,1,410
2026-05-13,7,50,683
2026-05-13,8,513,895
2026-05-13,9,1333,3262
2026-05-13,10,2836,3060
2026-05-13,11,3816,3470
2026-05-13,12,3423,2772
2026-05-13,13,3749,3034
2026-05-13,14,2129,2486
2026-05-13,15,558,536
2026-05-13,16,126,1387
2026-05-13,17,-1,1896
2026-05-13,18,1,975
2026-05-13,19,1,569
2026-05-13,20,1,666
2026-05-13,21,1,827
2026-05-13,22,1,617
2026-05-13,23,1,4251
2026-05-14,0,2,2438
2026-05-14,1,1,563
2026-05-14,2,1,516
2026-05-14,3,1,527
2026-05-14,4,1,533
2026-05-14,5,1,479
2026-05-14,6,1,501
2026-05-14,7,60,781
2026-05-14,8,815,836
2026-05-14,9,1322,1183
2026-05-14,10,1776,1631
2026-05-14,11,1991,1832
2026-05-14,12,2628,2202
2026-05-14,13,2959,1326
2026-05-14,14,1613,284
2026-05-14,15,1841,1121
2026-05-14,16,279,615
2026-05-14,17,3,620
2026-05-14,18,1,1163
2026-05-14,19,1,897
2026-05-14,20,1,578
2026-05-14,21,1,827
2026-05-14,22,1,502
2026-05-14,23,1,4095
2026-05-15,0,1,2158
2026-05-15,1,1,555
2026-05-15,2,1,549
2026-05-15,3,1,556
2026-05-15,4,1,472
2026-05-15,5,1,470
2026-05-15,6,1,369
2026-05-15,7,39,911
2026-05-15,8,989,1123
2026-05-15,9,2836,2685
2026-05-15,10,3928,3693
2026-05-15,11,2825,1356
2026-05-15,12,3928,418
2026-05-15,13,4014,318
2026-05-15,14,3536,352
2026-05-15,15,1503,335
2026-05-15,16,298,346
2026-05-15,17,-1,772
2026-05-15,18,1,724
2026-05-15,19,1,578
2026-05-15,20,1,583
2026-05-15,21,1,520
2026-05-15,22,1,407
2026-05-15,23,1,3920
2026-05-16,0,1,1501
2026-05-16,1,2,334
2026-05-16,2,1,312
2026-05-16,3,1,324
2026-05-16,4,1,310
2026-05-16,5,1,312
2026-05-16,6,2,202
2026-05-16,7,38,596
2026-05-16,8,377,1128
2026-05-16,9,1457,1432
2026-05-16,10,1297,1160
2026-05-16,11,4250,3513
2026-05-16,12,5228,1371
2026-05-16,13,4061,324
2026-05-16,14,1784,294
2026-05-16,15,499,445
2026-05-16,16,114,498
2026-05-16,17,-3,972
2026-05-16,18,1,1177
2026-05-16,19,1,1153
2026-05-16,20,1,836
2026-05-16,21,1,653
2026-05-16,22,2,452
2026-05-16,23,1,3870
2026-05-17,0,1,2739
2026-05-17,1,1,481
2026-05-17,2,1,314
2026-05-17,3,1,479
2026-05-17,4,1,343
2026-05-17,5,2,450
2026-05-17,6,1,346
2026-05-17,7,50,527
2026-05-17,8,646,1146
2026-05-17,9,1789,1649
2026-05-17,10,3089,2423
2026-05-17,11,2263,2291
2026-05-17,12,1849,1787
2026-05-17,13,1595,1752
2026-05-17,14,1486,1735
2026-05-17,15,658,1020
2026-05-17,16,111,1372
2026-05-17,17,-2,1933
2026-05-17,18,1,1793
2026-05-17,19,1,699
2026-05-17,20,1,646
2026-05-17,21,1,719
2026-05-17,22,1,335
2026-05-17,23,1,3938
2026-05-18,0,2,4168
2026-05-18,1,1,2237
2026-05-18,2,1,384
2026-05-18,3,1,473
2026-05-18,4,1,458
2026-05-18,5,1,439
2026-05-18,6,1,353
2026-05-18,7,37,629
2026-05-18,8,608,570
2026-05-18,9,1251,1144
2026-05-18,10,3411,3200
2026-05-18,11,4721,2609
2026-05-18,12,3749,306
2026-05-18,13,3840,301
2026-05-18,14,3626,421
2026-05-18,15,1720,541
2026-05-18,16,407,406
2026-05-18,17,-1,1627
2026-05-18,18,1,1221
2026-05-18,19,2,834
2026-05-18,20,1,655
2026-05-18,21,1,748
2026-05-18,22,1,332
2026-05-18,23,1,3880
2026-05-19,0,1,3445
2026-05-19,1,1,314
2026-05-19,2,1257,1582
2026-05-19,3,179,571
2026-05-19,4,1,406
2026-05-19,5,1,472
2026-05-19,6,1,328
2026-05-19,7,25,627
2026-05-19,8,884,1155
2026-05-19,9,2530,2343
2026-05-19,10,3738,3569
2026-05-19,11,4443,1385
2026-05-19,12,4742,375
2026-05-19,13,4622,384
2026-05-19,14,3935,363
2026-05-19,15,1633,342
2026-05-19,16,368,396
2026-05-19,17,2,1197
2026-05-19,18,2,669
2026-05-19,19,1,572
2026-05-19,20,1,620
2026-05-19,21,1,939
2026-05-19,22,1,677
2026-05-19,23,1,4405
2026-05-20,0,1,3480
2026-05-20,1,1,506
2026-05-20,2,1,482
2026-05-20,3,2,422
2026-05-20,4,1,354
2026-05-20,5,1,449
2026-05-20,6,1,340
2026-05-20,7,25,605
2026-05-20,8,900,847
2026-05-20,9,2513,2328
2026-05-20,10,3653,3350
2026-05-20,11,4209,3697
2026-05-20,12,4390,853
2026-05-20,13,3693,459
2026-05-20,14,3999,785
2026-05-20,15,1656,482
2026-05-20,16,316,333
2026-05-20,17,2,1062
2026-05-20,18,1,1422
2026-05-20,19,1,870
2026-05-20,20,1,617
2026-05-20,21,1,725
2026-05-20,22,1,322
2026-05-20,23,1,4115
2026-05-21,0,1,3262
2026-05-21,1,1,487
2026-05-21,2,1,479
2026-05-21,3,1,502
2026-05-21,4,2,441
2026-05-21,5,0,434
2026-05-21,6,1,332
2026-05-21,7,32,671
2026-05-21,8,885,802
2026-05-21,9,2509,2311
2026-05-21,10,3783,3339
2026-05-21,11,4635,338
2026-05-21,12,4674,348
2026-05-21,13,3721,368
2026-05-21,14,2805,312
2026-05-21,15,1524,442
2026-05-21,16,275,384
2026-05-21,17,1,1234
2026-05-21,18,1,1754
2026-05-21,19,1,1687
2026-05-21,20,1,919
2026-05-21,21,1,943
2026-05-21,22,2,477
2026-05-21,23,1,3935
2026-05-22,0,1,2291
2026-05-22,1,1,486
2026-05-22,2,1,322
2026-05-22,3,1,491
2026-05-22,4,1,339
2026-05-22,5,1,474
2026-05-22,6,1,381
2026-05-22,7,6,682
2026-05-22,8,170,480
2026-05-22,9,774,621
2026-05-22,10,2362,2087
2026-05-22,11,2577,2335
2026-05-22,12,3324,3091
2026-05-22,13,3840,2561
2026-05-22,14,3318,383
2026-05-22,15,1448,415
2026-05-22,16,304,377
2026-05-22,17,1,955
2026-05-22,18,1,1276
2026-05-22,19,1,990
2026-05-22,20,1,349
2026-05-22,21,1,281
2026-05-22,22,1,261
2026-05-22,23,1,2200
2026-05-23,0,1,261
2026-05-23,1,1,244
2026-05-23,2,1,267
2026-05-23,3,1,242
2026-05-23,4,1,266
2026-05-23,5,1,360
2026-05-23,6,1,152
2026-05-23,7,8,233
2026-05-23,8,640,612
2026-05-23,9,2161,1360
2026-05-23,10,1564,281
2026-05-23,11,1328,273
2026-05-23,12,2048,272
2026-05-23,13,1649,287
2026-05-23,14,1263,288
2026-05-23,15,485,274
2026-05-23,16,255,279
2026-05-23,17,1,261
2026-05-23,18,1,141
2026-05-23,19,1,234
2026-05-23,20,1,267
2026-05-23,21,1,238
2026-05-23,22,1,252
2026-05-23,23,1,1419
2026-05-24,0,1,250
2026-05-24,1,1,260
2026-05-24,2,1,254
2026-05-24,3,2,259
2026-05-24,4,1,260
2026-05-24,5,1,247
2026-05-24,6,1,158
2026-05-24,7,21,238
2026-05-24,8,782,698
2026-05-24,9,2350,927
2026-05-24,10,3596,282
2026-05-24,11,4401,315
2026-05-24,12,4724,307
2026-05-24,13,4627,295
2026-05-24,14,3586,319
2026-05-24,15,1538,1036
2026-05-24,16,306,735
2026-05-24,17,1,2291
2026-05-24,18,1,1705
2026-05-24,19,1,1775
2026-05-24,20,1,763
2026-05-24,21,1,730
2026-05-24,22,1,331
2026-05-24,23,1,4068
2026-05-25,0,1,1981
2026-05-25,1,1,493
2026-05-25,2,1,439
2026-05-25,3,1,377
2026-05-25,4,2,427
2026-05-25,5,1,448
2026-05-25,6,1,377
2026-05-25,7,18,881
2026-05-25,8,823,1272
2026-05-25,9,2414,2262
2026-05-25,10,3602,3462
2026-05-25,11,4353,3542
2026-05-25,12,4684,796
2026-05-25,13,4551,800
2026-05-25,14,3631,398
2026-05-25,15,1488,350
2026-05-25,16,290,589
2026-05-25,17,1,1467
2026-05-25,18,1,1751
2026-05-25,19,1,916
2026-05-25,20,1,1014
2026-05-25,21,1,887
2026-05-25,22,1,574
2026-05-25,23,1,4118
2026-05-26,0,1,2910
2026-05-26,1,1,453
2026-05-26,2,2,580
2026-05-26,3,1,564
2026-05-26,4,1,535
2026-05-26,5,1,543
2026-05-26,6,1,428
2026-05-26,7,1,963
2026-05-26,8,598,802
2026-05-26,9,1823,1645
2026-05-26,10,1883,1689
2026-05-26,11,3969,3556
2026-05-26,12,3001,1446
2026-05-26,13,3059,392
2026-05-26,14,2190,360
2026-05-26,15,503,333
2026-05-26,16,246,355
2026-05-26,17,1,1805
2026-05-26,18,1,1447
2026-05-26,19,1,948
2026-05-26,20,1,944
2026-05-26,21,1,754
2026-05-26,22,2,389
2026-05-26,23,1,4098
2026-05-27,0,1,1485
2026-05-27,1,1,502
2026-05-27,2,1,319
2026-05-27,3,2,498
2026-05-27,4,1,497
2026-05-27,5,1,499
2026-05-27,6,1,388
2026-05-27,7,26,624
2026-05-27,8,748,972
2026-05-27,9,2315,2533
2026-05-27,10,3494,3341
2026-05-27,11,4155,3991
2026-05-27,12,4542,942
2026-05-27,13,4424,546
2026-05-27,14,3456,560
2026-05-27,15,1363,1074
2026-05-27,16,306,841
2026-05-27,17,1,609
2026-05-27,18,1,799
2026-05-27,19,1,875
2026-05-27,20,1,591
2026-05-27,21,1,777
2026-05-27,22,1,417
2026-05-27,23,1,3961
2026-05-28,0,1,2919
2026-05-28,1,1,495
2026-05-28,2,2,343
2026-05-28,3,1,489
2026-05-28,4,1,482
2026-05-28,5,1,353
2026-05-28,6,1,222
2026-05-28,7,6,1285
2026-05-28,8,686,932
2026-05-28,9,1948,1772
2026-05-28,10,2452,2292
2026-05-28,11,2872,2336
2026-05-28,12,4130,876
2026-05-28,13,3632,948
2026-05-28,14,3530,564
2026-05-28,15,1426,781
2026-05-28,16,258,1370
2026-05-28,17,1,1397
2026-05-28,18,1,1026
2026-05-28,19,2,883
2026-05-28,20,1,541
2026-05-28,21,1,669
2026-05-28,22,1,485
2026-05-28,23,0,4051
2026-05-29,0,1,1521
2026-05-29,1,1,475
2026-05-29,2,1,460
2026-05-29,3,1,451
2026-05-29,4,1,456
2026-05-29,5,1,470
2026-05-29,6,1,340
2026-05-29,7,17,697
2026-05-29,8,755,1469
2026-05-29,9,2289,2110
2026-05-29,10,3521,3352
2026-05-29,11,4183,3926
2026-05-29,12,4453,867
2026-05-29,13,4400,567
2026-05-29,14,3390,351
2026-05-29,15,1427,390
2026-05-29,16,277,350
2026-05-29,17,1,656
2026-05-29,18,1,1261
2026-05-29,19,1,1101
2026-05-29,20,1,1108
2026-05-29,21,1,747
2026-05-29,22,1,343
2026-05-29,23,1,4088
2026-05-30,0,1,4154
2026-05-30,1,1,848
2026-05-30,2,1,463
2026-05-30,3,1,450
2026-05-30,4,2,465
2026-05-30,5,1,451
2026-05-30,6,1,344
2026-05-30,7,27,731
2026-05-30,8,833,752
2026-05-30,9,2124,1957
2026-05-30,10,2936,2728
2026-05-30,11,4038,2336
2026-05-30,12,4527,343
2026-05-30,13,4348,352
2026-05-30,14,3299,340
2026-05-30,15,1341,324
2026-05-30,16,255,293
2026-05-30,17,1,276
2026-05-30,18,1,148
2026-05-30,19,1,222
2026-05-30,20,1,379
2026-05-30,21,1,255
2026-05-30,22,1,254
2026-05-30,23,1,1631
2026-05-31,0,1,250
2026-05-31,1,2,253
2026-05-31,2,1,249
2026-05-31,3,1,249
2026-05-31,4,1,245
2026-05-31,5,1,249
2026-05-31,6,1,141
2026-05-31,7,15,230
2026-05-31,8,763,639
2026-05-31,9,2173,1227
2026-05-31,10,3091,300
2026-05-31,11,3400,317
2026-05-31,12,2625,330
2026-05-31,13,3323,347
2026-05-31,14,1796,330
2026-05-31,15,1299,336
2026-05-31,16,292,299
2026-05-31,17,1,263
2026-05-31,18,1,273
2026-05-31,19,1,424
2026-05-31,20,1,767
2026-05-31,21,2,712
2026-05-31,22,1,536
2026-05-31,23,1,3950
2026-06-01,0,1,486
2026-06-01,1,1,524
2026-06-01,2,1,522
2026-06-01,3,1,515
2026-06-01,4,2,532
2026-06-01,5,1,481
2026-06-01,6,1,366
2026-06-01,7,13,460
2026-06-01,8,350,657
2026-06-01,9,669,1009
2026-06-01,10,706,743
2026-06-01,11,954,1614
2026-06-01,12,754,592
2026-06-01,13,359,2104
2026-06-01,14,233,2463
2026-06-01,15,212,1783
2026-06-01,16,25,848
2026-06-01,17,1,2743
2026-06-01,18,1,4959
2026-06-01,19,1,4732
2026-06-01,20,1,4304
2026-06-01,21,1,2846
2026-06-01,22,2,377
2026-06-01,23,1,351
2026-06-02,0,1,369
2026-06-02,1,2,474
2026-06-02,2,1,327
2026-06-02,3,1,518
2026-06-02,4,2,330
2026-06-02,5,1,604
2026-06-02,6,1,254
2026-06-02,7,1,860
2026-06-02,8,44,476
2026-06-02,9,265,394
2026-06-02,10,285,343
2026-06-02,11,272,343
2026-06-02,12,559,462
2026-06-02,13,703,614
2026-06-02,14,646,530
2026-06-02,15,287,370
2026-06-02,16,108,448
2026-06-02,17,1,1329
2026-06-02,18,1,4927
2026-06-02,19,1,4973
2026-06-02,20,1,2815
2026-06-02,21,1,745
2026-06-02,22,1,349
2026-06-02,23,1,386
2026-06-03,0,1,405
2026-06-03,1,1,337
2026-06-03,2,1,498
2026-06-03,3,1,323
2026-06-03,4,2,491
2026-06-03,5,1,316
2026-06-03,6,1,367
2026-06-03,7,28,782
2026-06-03,8,273,934
2026-06-03,9,1580,1946
2026-06-03,10,1252,1124
2026-06-03,11,2293,2014
2026-06-03,12,2321,2024
2026-06-03,13,3577,3042
2026-06-03,14,2261,943
2026-06-03,15,456,444
2026-06-03,16,216,437
2026-06-03,17,1,664
2026-06-03,18,1,952
2026-06-03,19,1,3504
2026-06-03,20,1,2541
2026-06-03,21,1,776
2026-06-03,22,1,588
2026-06-03,23,1,553
2026-06-04,0,1,512
2026-06-04,1,1,488
2026-06-04,2,1,454
2026-06-04,3,1,490
2026-06-04,4,1,469
2026-06-04,5,1,481
2026-06-04,6,1,349
2026-06-04,7,4,730
2026-06-04,8,281,416
2026-06-04,9,840,702
2026-06-04,10,1108,961
2026-06-04,11,1181,1021
2026-06-04,12,1532,1356
2026-06-04,13,2176,1898
2026-06-04,14,1797,1526
2026-06-04,15,836,349
2026-06-04,16,338,377
2026-06-04,17,1,1722
2026-06-04,18,1,1810
2026-06-04,19,1,2941
2026-06-04,20,1,1704
2026-06-04,21,1,626
2026-06-04,22,1,428
2026-06-04,23,1,495
2026-06-05,0,1,325
2026-06-05,1,2,506
2026-06-05,2,1,321
2026-06-05,3,1,491
2026-06-05,4,1,493
2026-06-05,5,1,473
2026-06-05,6,1,217
2026-06-05,7,2,1104
2026-06-05,8,3,793
2026-06-05,9,915,1114
2026-06-05,10,549,433
2026-06-05,11,1605,1450
2026-06-05,12,718,587
2026-06-05,13,735,631
2026-06-05,14,544,524
2026-06-05,15,304,447
2026-06-05,16,71,432
2026-06-05,17,1,913
2026-06-05,18,1,4352
2026-06-05,19,1,4490
2026-06-05,20,1,2837
2026-06-05,21,2,732
2026-06-05,22,1,594
2026-06-05,23,1,349
2026-06-06,0,1,498
2026-06-06,1,1,329
2026-06-06,2,2,492
2026-06-06,3,1,444
2026-06-06,4,1,392
2026-06-06,5,1,505
2026-06-06,6,1,321
2026-06-06,7,1,511
2026-06-06,8,478,1092
2026-06-06,9,1731,1587
2026-06-06,10,2920,2753
2026-06-06,11,2850,2910
2026-06-06,12,1718,2096
2026-06-06,13,2481,2346
2026-06-06,14,2042,2253
2026-06-06,15,1555,1517
2026-06-06,16,325,739
2026-06-06,17,1,1674
2026-06-06,18,1,1685
2026-06-06,19,1,3418
2026-06-06,20,1,2472
2026-06-06,21,1,735
2026-06-06,22,2,498
2026-06-06,23,1,470
2026-06-07,0,1,483
2026-06-07,1,1,469
2026-06-07,2,1,501
2026-06-07,3,2,518
2026-06-07,4,1,515
2026-06-07,5,1,521
2026-06-07,6,1,369
2026-06-07,7,5,635
2026-06-07,8,328,506
2026-06-07,9,1461,1572
2026-06-07,10,3184,3038
2026-06-07,11,3953,3724
2026-06-07,12,4498,2466
2026-06-07,13,4360,858
2026-06-07,14,3100,1367
2026-06-07,15,1248,1025
2026-06-07,16,257,1075
2026-06-07,17,1,2223
2026-06-07,18,1,2732
2026-06-07,19,1,3125
2026-06-07,20,1,1842
2026-06-07,21,1,762
2026-06-07,22,1,370
2026-06-07,23,1,487
2026-06-08,0,1,503
2026-06-08,1,1,516
2026-06-08,2,1,508
2026-06-08,3,1,502
2026-06-08,4,2,525
2026-06-08,5,1,500
2026-06-08,6,1,405
2026-06-08,7,1,1017
2026-06-08,8,207,745
2026-06-08,9,1122,1179
2026-06-08,10,3049,2874
2026-06-08,11,1622,1478
2026-06-08,12,1156,1014
2026-06-08,13,1251,1109
2026-06-08,14,387,338
2026-06-08,15,213,379
2026-06-08,16,216,398
2026-06-08,17,1,1048
2026-06-08,18,1,2571
2026-06-08,19,1,3350
2026-06-08,20,1,1696
2026-06-08,21,1,720
2026-06-08,22,1,340
2026-06-08,23,1,509
2026-06-09,0,2,399
2026-06-09,1,1,415
2026-06-09,2,1,486
2026-06-09,3,1,504
2026-06-09,4,2,489
2026-06-09,5,1,491
2026-06-09,6,0,336
2026-06-09,7,10,790
2026-06-09,8,131,210
2026-06-09,9,48,44
2026-06-09,10,48,44
2026-06-09,11,48,44
2026-06-09,12,48,44
2026-06-09,13,48,44
2026-06-09,14,294,276
2026-06-09,15,990,860
2026-06-09,16,267,1180
2026-06-09,17,1,1881
2026-06-09,18,1,4746
2026-06-09,19,1,4257
2026-06-09,20,1,3986
2026-06-09,21,1,691
2026-06-09,22,1,499
2026-06-09,23,1,398
2026-06-10,0,1,400
2026-06-10,1,2,395
2026-06-10,2,1,418
2026-06-10,3,1,537
2026-06-10,4,1,597
2026-06-10,5,1,644
2026-06-10,6,1,463
2026-06-10,7,14,710
2026-06-10,8,237,240
2026-06-10,9,514,380
2026-06-10,10,862,725
2026-06-10,11,977,839
2026-06-10,12,1294,1123
2026-06-10,13,1907,1679
2026-06-10,14,1491,1342
2026-06-10,15,437,385
2026-06-10,16,118,645
2026-06-10,17,1,896
2026-06-10,18,1,4764
2026-06-10,19,1,3285
2026-06-10,20,1,1718
2026-06-10,21,2,575
2026-06-10,22,1,547
2026-06-10,23,1,604
2026-06-11,0,1,427
2026-06-11,1,1,383
2026-06-11,2,1,431
2026-06-11,3,1,533
2026-06-11,4,1,671
2026-06-11,5,1,515
2026-06-11,6,1,457
2026-06-11,7,12,759
2026-06-11,8,618,556
2026-06-11,9,2114,1967
2026-06-11,10,3359,2954
2026-06-11,11,4022,171
2026-06-11,12,3897,167
2026-06-11,13,4008,165
2026-06-11,14,2996,204
2026-06-11,15,491,343
2026-06-11,16,72,401
2026-06-11,17,1,2007
2026-06-11,18,1,2595
2026-06-11,19,1,2756
2026-06-11,20,1,3116
2026-06-11,21,1,486
2026-06-11,22,1,569
2026-06-11,23,1,451
2026-06-12,0,1,471
2026-06-12,1,1,351
2026-06-12,2,1,494
2026-06-12,3,1,533
2026-06-12,4,1,489
2026-06-12,5,2,457
2026-06-12,6,1,492
2026-06-12,7,3,613
2026-06-12,8,224,762
2026-06-12,9,1208,1204
2026-06-12,10,1796,1590
2026-06-12,11,3859,3241
2026-06-12,12,3170,2908
2026-06-12,13,1473,1245
2026-06-12,14,1894,553
2026-06-12,15,1230,314
2026-06-12,16,170,324
2026-06-12,17,1,700
2026-06-12,18,1,1304
2026-06-12,19,1,2713
2026-06-12,20,1,3745
2026-06-12,21,1,422
2026-06-12,22,1,494
2026-06-12,23,1,371
2026-06-13,0,1,378
2026-06-13,1,1,374
2026-06-13,2,1,422
2026-06-13,3,1,640
2026-06-13,4,1,561
2026-06-13,5,2,588
2026-06-13,6,1,487
2026-06-13,7,8,565
2026-06-13,8,381,751
2026-06-13,9,1520,1448
2026-06-13,10,2694,2544
2026-06-13,11,2865,2754
2026-06-13,12,2910,2759
2026-06-13,13,2273,2538
2026-06-13,14,619,932
2026-06-13,15,184,1169
2026-06-13,16,27,1267
2026-06-13,17,1,2249
2026-06-13,18,1,2273
2026-06-13,19,1,3929
2026-06-13,20,1,2783
2026-06-13,21,1,635
2026-06-13,22,1,324
2026-06-13,23,1,381
2026-06-14,0,1,371
2026-06-14,1,2,393
2026-06-14,2,1,527
2026-06-14,3,1,512
2026-06-14,4,1,504
2026-06-14,5,1,500
2026-06-14,6,2,472
2026-06-14,7,0,561
2026-06-14,8,208,415
2026-06-14,9,516,1086
2026-06-14,10,1093,1063
2026-06-14,11,830,1377
2026-06-14,12,939,848
2026-06-14,13,1149,1113
2026-06-14,14,828,1310
2026-06-14,15,384,670
2026-06-14,16,107,446
2026-06-14,17,1,846
2026-06-14,18,1,5050
2026-06-14,19,1,4361
2026-06-14,20,1,4097
2026-06-14,21,1,1836
2026-06-14,22,1,253
2026-06-14,23,1,378
2026-06-15,0,1,183
2026-06-15,1,1,356
2026-06-15,2,2,397
2026-06-15,3,1,294
2026-06-15,4,1,489
2026-06-15,5,1,482
2026-06-15,6,2,456
2026-06-15,7,13,565
2026-06-15,8,452,411
2026-06-15,9,1085,941
2026-06-15,10,2906,2699
2026-06-15,11,2001,1786
2026-06-15,12,2705,2265
2026-06-15,13,1237,511
2026-06-15,14,1240,227
2026-06-15,15,436,1062
2026-06-15,16,21,829
2026-06-15,17,1,1303
2026-06-15,18,1,2221
2026-06-15,19,1,2915
2026-06-15,20,1,3795
2026-06-15,21,2,831
2026-06-15,22,1,401
2026-06-15,23,1,380
2026-06-16,0,1,200
2026-06-16,1,1,360
2026-06-16,2,1,391
2026-06-16,3,2,484
2026-06-16,4,1,357
2026-06-16,5,1,441
2026-06-16,6,1,426
2026-06-16,7,1,744
2026-06-16,8,16,310
2026-06-16,9,171,921
2026-06-16,10,306,770
2026-06-16,11,714,1276
2026-06-16,12,1711,1576
2026-06-16,13,1383,1437
2026-06-16,14,1280,1238
2026-06-16,15,1016,966
2026-06-16,16,202,445
2026-06-16,17,1,2136
2026-06-16,18,1,4451
2026-06-16,19,1,4341
2026-06-16,20,1,3501
2026-06-16,21,1,493
2026-06-16,22,1,333
2026-06-16,23,1,360
2026-06-17,0,1,338
2026-06-17,1,1,357
2026-06-17,2,1,365
2026-06-17,3,2,430
2026-06-17,4,0,427
2026-06-17,5,1,428
2026-06-17,6,1,409
2026-06-17,7,1,819
2026-06-17,8,163,440
2026-06-17,9,813,679
2026-06-17,10,1230,1087
2026-06-17,11,1042,877
2026-06-17,12,2220,1815
2026-06-17,13,854,647
2026-06-17,14,1642,1485
2026-06-17,15,918,1178
2026-06-17,16,72,1014
2026-06-17,17,1,628
2026-06-17,18,1,3990
2026-06-17,19,1,630
2026-06-17,20,1,432
2026-06-17,21,1,578
2026-06-17,22,1,298
2026-06-17,23,1,365
2026-06-18,0,1,347
2026-06-18,1,1,367
2026-06-18,2,2,378
2026-06-18,3,1,456
2026-06-18,4,1,385
2026-06-18,5,1,390
2026-06-18,6,1,381
2026-06-18,7,1,813
2026-06-18,8,118,222
2026-06-18,9,688,522
2026-06-18,10,1248,1014
2026-06-18,11,2493,2201
2026-06-18,12,1295,1029
2026-06-18,13,1159,996
2026-06-18,14,1356,1188
2026-06-18,15,424,905
2026-06-18,16,43,872
2026-06-18,17,0,2055
2026-06-18,18,1,4455
2026-06-18,19,1,3705
2026-06-18,20,1,479
2026-06-18,21,1,581
2026-06-18,22,1,332
2026-06-18,23,1,366
2026-06-19,0,1,361
2026-06-19,1,2,368
2026-06-19,2,1,377
2026-06-19,3,1,440
2026-06-19,4,1,448
2026-06-19,5,1,454
2026-06-19,6,1,422
2026-06-19,7,4,662
2026-06-19,8,560,570
2026-06-19,9,2034,1887
2026-06-19,10,3273,3123
2026-06-19,11,4018,3823
2026-06-19,12,4415,1061
2026-06-19,13,4335,341
2026-06-19,14,3000,690
2026-06-19,15,1262,327
2026-06-19,16,178,575
2026-06-19,17,0,640
2026-06-19,18,1,3101
2026-06-19,19,1,3436
2026-06-19,20,1,2174
2026-06-19,21,1,548
2026-06-19,22,1,302
2026-06-19,23,2,353
2026-06-20,0,1,360
2026-06-20,1,1,358
2026-06-20,2,1,367
2026-06-20,3,1,454
2026-06-20,4,1,430
2026-06-20,5,1,442
2026-06-20,6,1,406
2026-06-20,7,1,518
2026-06-20,8,37,1236
2026-06-20,9,382,737
2026-06-20,10,956,936
2026-06-20,11,1792,1582
2026-06-20,12,926,771
2026-06-20,13,1856,1685
2026-06-20,14,1281,1122
2026-06-20,15,839,1043
2026-06-20,16,145,517
2026-06-20,17,1,295
2026-06-20,18,1,3216
2026-06-20,19,1,130
2026-06-20,20,1,107
2026-06-20,21,1,125
2026-06-20,22,1,122
2026-06-20,23,1,112
2026-06-21,0,2,126
2026-06-21,1,1,121
2026-06-21,2,1,152
2026-06-21,3,1,239
2026-06-21,4,1,250
2026-06-21,5,1,250
2026-06-21,6,1,201
2026-06-21,7,1,137
2026-06-21,8,122,150
2026-06-21,9,736,583
2026-06-21,10,1275,1115
2026-06-21,11,1246,882
2026-06-21,12,1289,139
2026-06-21,13,988,141
2026-06-21,14,881,175
2026-06-21,15,295,278
2026-06-21,16,57,866
2026-06-21,17,1,2425
2026-06-21,18,2,2506
2026-06-21,19,0,4855
2026-06-21,20,1,2381
2026-06-21,21,2,537
2026-06-21,22,1,211
2026-06-21,23,1,215
2026-06-22,0,1,265
2026-06-22,1,1,182
2026-06-22,2,1,214
2026-06-22,3,2,321
2026-06-22,4,1,529
2026-06-22,5,1,436
2026-06-22,6,1,417
2026-06-22,7,5,699
2026-06-22,8,579,1001
2026-06-22,9,2143,2159
2026-06-22,10,3331,3145
2026-06-22,11,4194,2150
2026-06-22,12,3990,204
2026-06-22,13,4446,207
2026-06-22,14,3071,215
2026-06-22,15,1327,590
2026-06-22,16,208,528
2026-06-22,17,1,879
2026-06-22,18,1,2234
2026-06-22,19,1,3575
2026-06-22,20,1,3042
2026-06-22,21,1,399
2026-06-22,22,1,516
2026-06-22,23,1,455
2026-06-23,0,1,408
2026-06-23,1,1,355
2026-06-23,2,1,378
2026-06-23,3,1,449
2026-06-23,4,1,463
2026-06-23,5,1,470
2026-06-23,6,1,563
2026-06-23,7,5,533
2026-06-23,8,552,557
2026-06-23,9,1630,1467
2026-06-23,10,2424,2231
2026-06-23,11,1070,923
2026-06-23,12,714,562
2026-06-23,13,1839,1668
2026-06-23,14,871,731
2026-06-23,15,576,448
2026-06-23,16,226,341
2026-06-23,17,1,496
2026-06-23,18,1,4264
2026-06-23,19,1,2417
2026-06-23,20,1,3791
2026-06-23,21,1,660
2026-06-23,22,1,524
2026-06-23,23,1,429
2026-06-24,0,2,397
2026-06-24,1,1,391
2026-06-24,2,1,415
2026-06-24,3,1,476
2026-06-24,4,1,530
2026-06-24,5,1,671
2026-06-24,6,1,513
2026-06-24,7,4,545
2026-06-24,8,271,306
2026-06-24,9,776,1021
2026-06-24,10,1200,1041
2026-06-24,11,1500,1328
2026-06-24,12,1325,1167
2026-06-24,13,963,823
2026-06-24,14,421,472
2026-06-24,15,120,993
2026-06-24,16,0,400
2026-06-24,17,1,902
2026-06-24,18,1,3885
2026-06-24,19,1,3010
2026-06-24,20,1,2859
2026-06-24,21,1,399
2026-06-24,22,1,553
2026-06-24,23,2,379
2026-06-25,0,1,404
2026-06-25,1,1,370
2026-06-25,2,1,418
2026-06-25,3,2,512
2026-06-25,4,1,510
2026-06-25,5,1,517
2026-06-25,6,1,476
2026-06-25,7,1,740
2026-06-25,8,204,443
2026-06-25,9,839,696
2026-06-25,10,798,650
2026-06-25,11,743,606
2026-06-25,12,629,491
2026-06-25,13,397,262
2026-06-25,14,294,211
2026-06-25,15,345,496
2026-06-25,16,14,1081
2026-06-25,17,1,1998
2026-06-25,18,1,4835
2026-06-25,19,1,4773
2026-06-25,20,1,4253
2026-06-25,21,1,417
2026-06-25,22,1,558
2026-06-25,23,2,369
2026-06-26,0,2,406
2026-06-26,1,2,450
2026-06-26,2,1,487
2026-06-26,3,2,527
2026-06-26,4,2,477
2026-06-26,5,1,466
2026-06-26,6,1,434
2026-06-26,7,3,698
2026-06-26,8,101,389
2026-06-26,9,405,311
2026-06-26,10,406,283
2026-06-26,11,274,222
2026-06-26,12,142,130
2026-06-26,13,104,139
2026-06-26,14,110,167
2026-06-26,15,54,276
2026-06-26,16,0,773
2026-06-26,17,2,2042
2026-06-26,18,2,4335
2026-06-26,19,1,3959
2026-06-26,20,1,4102
2026-06-26,21,1,2901
2026-06-26,22,1,579
2026-06-26,23,2,467
2026-06-27,0,1,476
2026-06-27,1,2,418
2026-06-27,2,2,415
2026-06-27,3,2,509
2026-06-27,4,1,484
2026-06-27,5,2,478
2026-06-27,6,1,496
2026-06-27,7,15,595
2026-06-27,8,323,321
2026-06-27,9,890,958
2026-06-27,10,2765,2719
2026-06-27,11,3391,3171
2026-06-27,12,1746,1488
2026-06-27,13,1047,839
2026-06-27,14,554,1578
2026-06-27,15,154,1254
2026-06-27,16,87,780
2026-06-27,17,1,834
2026-06-27,18,1,5815
2026-06-27,19,1,4476
2026-06-27,20,2,3310
2026-06-27,21,1,542
2026-06-27,22,2,556
2026-06-27,23,1,378
2026-06-28,0,2,374
2026-06-28,1,2,377
2026-06-28,2,1,411
2026-06-28,3,1,520
2026-06-28,4,2,537
2026-06-28,5,2,559
2026-06-28,6,2,501
2026-06-28,7,8,538
2026-06-28,8,318,1344
2026-06-28,9,1534,1492
2026-06-28,10,1385,1774
2026-06-28,11,1960,1783
2026-06-28,12,2019,1852
2026-06-28,13,1623,1528
2026-06-28,14,853,2252
2026-06-28,15,182,964
2026-06-28,16,50,510
2026-06-28,17,1,1104
2026-06-28,18,1,4939
2026-06-28,19,1,4412
2026-06-28,20,2,2358
2026-06-28,21,1,694
2026-06-28,22,1,438
2026-06-28,23,2,441
2026-06-29,0,2,434
2026-06-29,1,1,409
2026-06-29,2,1,429
2026-06-29,3,2,507
2026-06-29,4,2,479
2026-06-29,5,1,467
2026-06-29,6,1,455
2026-06-29,7,5,817
2026-06-29,8,446,526
2026-06-29,9,1308,1155
2026-06-29,10,1007,926
2026-06-29,11,2335,2066
2026-06-29,12,1293,1462
2026-06-29,13,1657,1483
2026-06-29,14,899,784
2026-06-29,15,709,615
2026-06-29,16,243,501
2026-06-29,17,1,1566
2026-06-29,18,2,4629
2026-06-29,19,2,3594
2026-06-29,20,2,2100
2026-06-29,21,1,574
2026-06-29,22,2,505
2026-06-29,23,1,435
2026-06-30,0,1,457
2026-06-30,1,2,454
2026-06-30,2,2,405
2026-06-30,3,3,468
2026-06-30,4,1,490
2026-06-30,5,1,508
2026-06-30,6,1,622
2026-06-30,7,2,933
2026-06-30,8,268,962
2026-06-30,9,1389,1263
2026-06-30,10,3315,3149
2026-06-30,11,3851,3310
2026-06-30,12,4243,2162
2026-06-30,13,4160,184
2026-06-30,14,3213,319
2026-06-30,15,1371,283
2026-06-30,16,232,461
2026-06-30,17,0,1035
2026-06-30,18,1,2716
2026-06-30,19,1,2937
2026-06-30,20,1,2874
2026-06-30,21,1,614
2026-06-30,22,1,554
2026-06-30,23,1,435
2026-07-01,0,2,376
2026-07-01,1,2,379
2026-07-01,2,1,414
2026-07-01,3,2,661
2026-07-01,4,1,509
2026-07-01,5,1,485
2026-07-01,6,1,610
2026-07-01,7,4,846
2026-07-01,8,546,686
2026-07-01,9,2075,1928
2026-07-01,10,3362,3216
2026-07-01,11,4119,3055
2026-07-01,12,4496,181
2026-07-01,13,4047,174
2026-07-01,14,3305,294
2026-07-01,15,1382,363
2026-07-01,16,226,395
2026-07-01,17,2,1404
2026-07-01,18,2,2545
2026-07-01,19,2,2238
2026-07-01,20,2,3454
2026-07-01,21,1,438
2026-07-01,22,1,631
2026-07-01,23,1,578
